ID,?型,SKU,名?,已?布,是推荐?品？,在列表?可?,?短描述,描述,促??始日期,促?截止日期,???,??,有?？,?存,?存不足,允?缺?下?？,??出售？,重量(kg),?度(cm),?度 (cm),高度 (cm),允?客??价？,?物?注,促?价格,常?售价,分?,??,???,?片,下?限制,下?的?期天?,父?,分??品,交叉?售,交叉?售_1,外部?接,按?文本,位置
24,simple,,CPU,1,0,visible,,CPU說明,,,taxable,,1,,,0,0,,,,,0,,,1000,Uncategorized,,,,,,,,,,,,0
25,simple,,AMD A10-9700,1,0,visible,3.50GHz,DDR4 Up to 2400,,,taxable,,1,,,0,0,,,,,0,,,1000,Uncategorized,,,,,,,,,,,,
26,simple,,AMD A10-9700E,1,0,visible,3.00GHz,DDR4 Up to 2400,,,taxable,,1,,,0,0,,,,,0,,,1100,Uncategorized,,,,,,,,,,,,
27,simple,,AMD A12-9800,1,0,visible,3.80GHz,DDR4 Up to 2400,,,taxable,,1,,,0,0,,,,,0,,,2000,Uncategorized,,,,,,,,,,,,
28,simple,,AMD A12-9800E,1,0,visible,3.10GHz,DDR4 Up to 2400,,,taxable,,1,,,0,0,,,,,0,,,2100,Uncategorized,,,,,,,,,,,,
29,simple,,AMD A6-9500,1,0,visible,3.50GHz,DDR4 Up to 2400,,,taxable,,1,,,0,0,,,,,0,,,3000,Uncategorized,,,,,,,,,,,,
30,simple,,AMD A6-9500E,1,0,visible,3.00GHz,DDR4 Up to 2400,,,taxable,,1,,,0,0,,,,,0,,,3100,Uncategorized,,,,,,,,,,,,
31,simple,,AMD A8-9600,1,0,visible,3.10GHz,DDR4 Up to 2400,,,taxable,,1,,,0,0,,,,,0,,,4000,Uncategorized,,,,,,,,,,,,
32,simple,,AMD Athlon 200GE,1,0,visible,3.20GHz,DDR4 Up to 2667,,,taxable,,1,,,0,0,,,,,0,,,4100,Uncategorized,,,,,,,,,,,,
33,simple,,AMD Athlon 220GE,1,0,visible,3.40GHz,DDR4 Up to 2667,,,taxable,,1,,,0,0,,,,,0,,,5000,Uncategorized,,,,,,,,,,,,
34,simple,,AMD Athlon 240GE,1,0,visible,3.50GHz,DDR4 Up to 2667,,,taxable,,1,,,0,0,,,,,0,,,5100,Uncategorized,,,,,,,,,,,,
35,simple,,AMD Athlon 3000G,1,0,visible,3.50GHz,DDR4 Up to 2667,,,taxable,,1,,,0,0,,,,,0,,,6000,Uncategorized,,,,,,,,,,,,
36,simple,,AMD Athlon X4 950,1,0,visible,3.50GHz,DDR4 Up to 2400,,,taxable,,1,,,0,0,,,,,0,,,6100,Uncategorized,,,,,,,,,,,,
37,simple,,AMD Ryzen 3 1200,1,0,visible,3.10GHz,DDR4 Up to 2667,,,taxable,,1,,,0,0,,,,,0,,,7000,Uncategorized,,,,,,,,,,,,
38,simple,,AMD Ryzen 3 1300X,1,0,visible,3.50GHz,DDR4 Up to 2667,,,taxable,,1,,,0,0,,,,,0,,,7100,Uncategorized,,,,,,,,,,,,
39,simple,,AMD Ryzen 3 2200G,1,0,visible,3.50GHz,DDR4 Up to 2933,,,taxable,,1,,,0,0,,,,,0,,,8000,Uncategorized,,,,,,,,,,,,
40,simple,,AMD Ryzen 3 2200GE,1,0,visible,3.20GHz,DDR4 Up to 2933,,,taxable,,1,,,0,0,,,,,0,,,8100,Uncategorized,,,,,,,,,,,,
41,simple,,AMD Ryzen 3 2300X,1,0,visible,3.50GHz,DDR4 Up to 2933,,,taxable,,1,,,0,0,,,,,0,,,9000,Uncategorized,,,,,,,,,,,,
42,simple,,AMD Ryzen 3 3100,1,0,visible,3.60GHz,DDR4 Up to 3200,,,taxable,,1,,,0,0,,,,,0,,,9100,Uncategorized,,,,,,,,,,,,
43,simple,,AMD Ryzen 3 3200G,1,0,visible,3.60GHz,DDR4 Up to 2933,,,taxable,,1,,,0,0,,,,,0,,,10000,Uncategorized,,,,,,,,,,,,
44,simple,,AMD Ryzen 3 3300X,1,0,visible,3.80GHz,DDR4 Up to 3200,,,taxable,,1,,,0,0,,,,,0,,,10100,Uncategorized,,,,,,,,,,,,
45,simple,,AMD Ryzen 5 1400,1,0,visible,3.20GHz,DDR4 Up to 2667,,,taxable,,1,,,0,0,,,,,0,,,11000,Uncategorized,,,,,,,,,,,,
46,simple,,AMD Ryzen 5 1500X,1,0,visible,3.50GHz,DDR4 Up to 2667,,,taxable,,1,,,0,0,,,,,0,,,11100,Uncategorized,,,,,,,,,,,,
47,simple,,AMD Ryzen 5 1600,1,0,visible,3.20GHz,DDR4 Up to 2667,,,taxable,,1,,,0,0,,,,,0,,,12000,Uncategorized,,,,,,,,,,,,
48,simple,,AMD Ryzen 5 1600X,1,0,visible,3.60GHz,DDR4 Up to 2667,,,taxable,,1,,,0,0,,,,,0,,,12100,Uncategorized,,,,,,,,,,,,
49,simple,,AMD Ryzen 5 2400G,1,0,visible,3.60GHz,DDR4 Up to 2933,,,taxable,,1,,,0,0,,,,,0,,,13000,Uncategorized,,,,,,,,,,,,
50,simple,,AMD Ryzen 5 2400GE,1,0,visible,3.20GHz,DDR4 Up to 2933,,,taxable,,1,,,0,0,,,,,0,,,13100,Uncategorized,,,,,,,,,,,,
51,simple,,AMD Ryzen 5 2500X,1,0,visible,3.60GHz,DDR4 Up to 2933,,,taxable,,1,,,0,0,,,,,0,,,14000,Uncategorized,,,,,,,,,,,,
52,simple,,AMD Ryzen 5 2600,1,0,visible,3.40GHz,DDR4 Up to 2933,,,taxable,,1,,,0,0,,,,,0,,,14100,Uncategorized,,,,,,,,,,,,
53,simple,,AMD Ryzen 5 2600E,1,0,visible,3.10GHz,DDR4 Up to 2667,,,taxable,,1,,,0,0,,,,,0,,,15000,Uncategorized,,,,,,,,,,,,
54,simple,,AMD Ryzen 5 2600X,1,0,visible,3.60GHz,DDR4 Up to 2933,,,taxable,,1,,,0,0,,,,,0,,,15100,Uncategorized,,,,,,,,,,,,
55,simple,,AMD Ryzen 5 3400G,1,0,visible,3.70GHz,DDR4 Up to 2933,,,taxable,,1,,,0,0,,,,,0,,,16000,Uncategorized,,,,,,,,,,,,
56,simple,,AMD Ryzen 5 3500,1,0,visible,3.60GHz,DDR4 Up to 3200,,,taxable,,1,,,0,0,,,,,0,,,16100,Uncategorized,,,,,,,,,,,,
57,simple,,AMD Ryzen 5 3500X,1,0,visible,3.60GHz,DDR4 Up to 3200,,,taxable,,1,,,0,0,,,,,0,,,17000,Uncategorized,,,,,,,,,,,,
58,simple,,AMD Ryzen 5 3600,1,0,visible,3.60GHz,DDR4 Up to 3200,,,taxable,,1,,,0,0,,,,,0,,,17100,Uncategorized,,,,,,,,,,,,
59,simple,,AMD Ryzen 5 3600X,1,0,visible,3.80GHz,DDR4 Up to 3200,,,taxable,,1,,,0,0,,,,,0,,,18000,Uncategorized,,,,,,,,,,,,
60,simple,,AMD Ryzen 5 3600XT,1,0,visible,3.80GHz,DDR4 Up to 3200,,,taxable,,1,,,0,0,,,,,0,,,18100,Uncategorized,,,,,,,,,,,,
61,simple,,AMD Ryzen 5 5600X,1,0,visible,3.70GHz,DDR4 Up to 3200,,,taxable,,1,,,0,0,,,,,0,,,19000,Uncategorized,,,,,,,,,,,,
62,simple,,AMD Ryzen 7 1700,1,0,visible,3.00GHz,DDR4 Up to 2667,,,taxable,,1,,,0,0,,,,,0,,,19100,Uncategorized,,,,,,,,,,,,
63,simple,,AMD Ryzen 7 1700X,1,0,visible,3.00GHz,DDR4 Up to 2667,,,taxable,,1,,,0,0,,,,,0,,,20000,Uncategorized,,,,,,,,,,,,
64,simple,,AMD Ryzen 7 1800X,1,0,visible,3.60GHz,DDR4 Up to 2667,,,taxable,,1,,,0,0,,,,,0,,,20100,Uncategorized,,,,,,,,,,,,
65,simple,,AMD Ryzen 7 2700,1,0,visible,3.20GHz,DDR4 Up to 2933,,,taxable,,1,,,0,0,,,,,0,,,21000,Uncategorized,,,,,,,,,,,,
66,simple,,AMD Ryzen 7 2700E,1,0,visible,2.80GHz,DDR4 Up to 2667,,,taxable,,1,,,0,0,,,,,0,,,21100,Uncategorized,,,,,,,,,,,,
67,simple,,AMD Ryzen 7 2700X,1,0,visible,3.70GHz,DDR4 Up to 2933,,,taxable,,1,,,0,0,,,,,0,,,22000,Uncategorized,,,,,,,,,,,,
68,simple,,AMD Ryzen 7 3700,1,0,visible,3.60GHz,DDR4 Up to 3200,,,taxable,,1,,,0,0,,,,,0,,,22100,Uncategorized,,,,,,,,,,,,
69,simple,,AMD Ryzen 7 3700X,1,0,visible,3.60GHz,DDR4 Up to 3200,,,taxable,,1,,,0,0,,,,,0,,,23000,Uncategorized,,,,,,,,,,,,
70,simple,,AMD Ryzen 7 3800X,1,0,visible,3.90GHz,DDR4 Up to 3200,,,taxable,,1,,,0,0,,,,,0,,,23100,Uncategorized,,,,,,,,,,,,
71,simple,,AMD Ryzen 7 3800XT,1,0,visible,3.90GHz,DDR4 Up to 3200,,,taxable,,1,,,0,0,,,,,0,,,24000,Uncategorized,,,,,,,,,,,,
72,simple,,AMD Ryzen 7 5800X,1,0,visible,3.80GHz,DDR4 Up to 3200,,,taxable,,1,,,0,0,,,,,0,,,24100,Uncategorized,,,,,,,,,,,,
73,simple,,AMD Ryzen 9 3900,1,0,visible,3.10GHz,DDR4 Up to 3200,,,taxable,,1,,,0,0,,,,,0,,,25000,Uncategorized,,,,,,,,,,,,
74,simple,,AMD Ryzen 9 3900X,1,0,visible,3.80GHz,DDR4 Up to 3200,,,taxable,,1,,,0,0,,,,,0,,,25100,Uncategorized,,,,,,,,,,,,
75,simple,,AMD Ryzen 9 3900XT,1,0,visible,3.80GHz,DDR4 Up to 3200,,,taxable,,1,,,0,0,,,,,0,,,26000,Uncategorized,,,,,,,,,,,,
76,simple,,AMD Ryzen 9 3950X,1,0,visible,3.50GHz,DDR4 Up to 3200,,,taxable,,1,,,0,0,,,,,0,,,26100,Uncategorized,,,,,,,,,,,,
77,simple,,AMD Ryzen 9 5900X,1,0,visible,3.70GHz,DDR4 Up to 3200,,,taxable,,1,,,0,0,,,,,0,,,27000,Uncategorized,,,,,,,,,,,,
78,simple,,AMD Ryzen 9 5950X,1,0,visible,3.40GHz,DDR4 Up to 3200,,,taxable,,1,,,0,0,,,,,0,,,27100,Uncategorized,,,,,,,,,,,,
79,simple,,AMD Athlon II X2 215,1,0,visible,2.70GHz,DDR3 1066/1333,,,taxable,,1,,,0,0,,,,,0,,,28000,Uncategorized,,,,,,,,,,,,
80,simple,,AMD Athlon II X2 220,1,0,visible,2.80GHz,DDR3 1066/1333,,,taxable,,1,,,0,0,,,,,0,,,28100,Uncategorized,,,,,,,,,,,,
81,simple,,AMD Athlon II X2 225,1,0,visible,2.90GHz,DDR3 1066/1333,,,taxable,,1,,,0,0,,,,,0,,,29000,Uncategorized,,,,,,,,,,,,
82,simple,,AMD Athlon II X2 235e,1,0,visible,2.70GHz,DDR3 1066/1333,,,taxable,,1,,,0,0,,,,,0,,,29100,Uncategorized,,,,,,,,,,,,
83,simple,,AMD Athlon II X2 240,1,0,visible,2.80GHz,DDR3 1066/1333,,,taxable,,1,,,0,0,,,,,0,,,30000,Uncategorized,,,,,,,,,,,,
84,simple,,AMD Athlon II X2 240e,1,0,visible,2.80GHz,DDR3 1066/1333,,,taxable,,1,,,0,0,,,,,0,,,30100,Uncategorized,,,,,,,,,,,,
85,simple,,AMD Athlon II X2 245,1,0,visible,2.90GHz,DDR3 1066/1333,,,taxable,,1,,,0,0,,,,,0,,,1000,Uncategorized,,,,,,,,,,,,
86,simple,,AMD Athlon II X2 245e,1,0,visible,2.90GHz,DDR3 1066/1333,,,taxable,,1,,,0,0,,,,,0,,,1100,Uncategorized,,,,,,,,,,,,
87,simple,,AMD Athlon II X2 250,1,0,visible,3.00GHz,DDR3 1066/1333,,,taxable,,1,,,0,0,,,,,0,,,2000,Uncategorized,,,,,,,,,,,,
88,simple,,AMD Athlon II X2 250e,1,0,visible,3.00GHz,DDR3 1066/1333,,,taxable,,1,,,0,0,,,,,0,,,2100,Uncategorized,,,,,,,,,,,,
89,simple,,AMD Athlon II X2 255,1,0,visible,3.10GHz,DDR3 1066/1333,,,taxable,,1,,,0,0,,,,,0,,,3000,Uncategorized,,,,,,,,,,,,
90,simple,,AMD Athlon II X2 260,1,0,visible,3.20GHz,DDR3 1066/1333,,,taxable,,1,,,0,0,,,,,0,,,3100,Uncategorized,,,,,,,,,,,,
91,simple,,AMD Athlon II X2 265,1,0,visible,3.30GHz,DDR3 1066/1333,,,taxable,,1,,,0,0,,,,,0,,,4000,Uncategorized,,,,,,,,,,,,
92,simple,,AMD Athlon II X2 270,1,0,visible,3.40GHz,DDR3 1066/1333,,,taxable,,1,,,0,0,,,,,0,,,4100,Uncategorized,,,,,,,,,,,,
93,simple,,AMD Athlon II X2 275,1,0,visible,3.50GHz,DDR3 1066/1333,,,taxable,,1,,,0,0,,,,,0,,,5000,Uncategorized,,,,,,,,,,,,
94,simple,,AMD Athlon II X3 400e,1,0,visible,2.20GHz,DDR3 1066/1333,,,taxable,,1,,,0,0,,,,,0,,,5100,Uncategorized,,,,,,,,,,,,
95,simple,,AMD Athlon II X3 405e,1,0,visible,2.30GHz,DDR3 1066/1333,,,taxable,,1,,,0,0,,,,,0,,,6000,Uncategorized,,,,,,,,,,,,
96,simple,,AMD Athlon II X3 415e,1,0,visible,2.50GHz,DDR3 1066/1333,,,taxable,,1,,,0,0,,,,,0,,,6100,Uncategorized,,,,,,,,,,,,
97,simple,,AMD Athlon II X3 420e,1,0,visible,2.60GHz,DDR3 1066/1333,,,taxable,,1,,,0,0,,,,,0,,,7000,Uncategorized,,,,,,,,,,,,
98,simple,,AMD Athlon II X3 425,1,0,visible,2.70GHz,DDR3 1066/1333,,,taxable,,1,,,0,0,,,,,0,,,7100,Uncategorized,,,,,,,,,,,,
99,simple,,AMD Athlon II X3 435,1,0,visible,2.90GHz,DDR3 1066/1333,,,taxable,,1,,,0,0,,,,,0,,,8000,Uncategorized,,,,,,,,,,,,
100,simple,,AMD Athlon II X3 440,1,0,visible,3.00GHz,DDR3 1066/1333,,,taxable,,1,,,0,0,,,,,0,,,8100,Uncategorized,,,,,,,,,,,,
101,simple,,AMD Athlon II X3 445,1,0,visible,3.10GHz,DDR3 1066/1333,,,taxable,,1,,,0,0,,,,,0,,,9000,Uncategorized,,,,,,,,,,,,
102,simple,,AMD Athlon II X3 450,1,0,visible,3.20GHz,DDR3 1066/1333,,,taxable,,1,,,0,0,,,,,0,,,9100,Uncategorized,,,,,,,,,,,,
103,simple,,AMD Athlon II X3 455,1,0,visible,3.30GHz,DDR3 1066/1333,,,taxable,,1,,,0,0,,,,,0,,,10000,Uncategorized,,,,,,,,,,,,
104,simple,,AMD Athlon II X3 460,1,0,visible,3.40GHz,DDR3 1066/1333,,,taxable,,1,,,0,0,,,,,0,,,10100,Uncategorized,,,,,,,,,,,,
105,simple,,AMD Athlon II X4 600e,1,0,visible,2.20GHz,DDR3 1066/1333,,,taxable,,1,,,0,0,,,,,0,,,11000,Uncategorized,,,,,,,,,,,,
106,simple,,AMD Athlon II X4 605e,1,0,visible,2.30GHz,DDR3 1066/1333,,,taxable,,1,,,0,0,,,,,0,,,11100,Uncategorized,,,,,,,,,,,,
107,simple,,AMD Athlon II X4 610e,1,0,visible,2.40GHz,DDR3 1066/1333,,,taxable,,1,,,0,0,,,,,0,,,12000,Uncategorized,,,,,,,,,,,,
108,simple,,AMD Athlon II X4 615e,1,0,visible,2.50GHz,DDR3 1066/1333,,,taxable,,1,,,0,0,,,,,0,,,12100,Uncategorized,,,,,,,,,,,,
109,simple,,AMD Athlon II X4 620,1,0,visible,2.60GHz,DDR3 1066/1333,,,taxable,,1,,,0,0,,,,,0,,,13000,Uncategorized,,,,,,,,,,,,
110,simple,,AMD Athlon II X4 630,1,0,visible,2.80GHz,DDR3 1066/1333,,,taxable,,1,,,0,0,,,,,0,,,13100,Uncategorized,,,,,,,,,,,,
111,simple,,AMD Athlon II X4 635,1,0,visible,2.90GHz,DDR3 1066/1333,,,taxable,,1,,,0,0,,,,,0,,,14000,Uncategorized,,,,,,,,,,,,
112,simple,,AMD Athlon II X4 640,1,0,visible,3.00GHz,DDR3 1066/1333,,,taxable,,1,,,0,0,,,,,0,,,14100,Uncategorized,,,,,,,,,,,,
113,simple,,AMD Athlon II X4 645,1,0,visible,3.10GHz,DDR3 1066/1333,,,taxable,,1,,,0,0,,,,,0,,,15000,Uncategorized,,,,,,,,,,,,
114,simple,,AMD Athlon II X4 650,1,0,visible,3.20GHz,DDR3 1066/1333,,,taxable,,1,,,0,0,,,,,0,,,15100,Uncategorized,,,,,,,,,,,,
115,simple,,AMD Athlon II X4 655,1,0,visible,3.30GHz,DDR3 1066/1333,,,taxable,,1,,,0,0,,,,,0,,,16000,Uncategorized,,,,,,,,,,,,
116,simple,,AMD Phenom II X2 545,1,0,visible,3.00GHz,DDR3 1066/1333,,,taxable,,1,,,0,0,,,,,0,,,16100,Uncategorized,,,,,,,,,,,,
117,simple,,AMD Phenom II X2 550,1,0,visible,3.10GHz,DDR3 1066/1333,,,taxable,,1,,,0,0,,,,,0,,,17000,Uncategorized,,,,,,,,,,,,
118,simple,,AMD Phenom II X2 555,1,0,visible,3.20GHz,DDR3 1066/1333,,,taxable,,1,,,0,0,,,,,0,,,17100,Uncategorized,,,,,,,,,,,,
119,simple,,AMD Phenom II X2 560,1,0,visible,3.30GHz,DDR3 1066/1333,,,taxable,,1,,,0,0,,,,,0,,,18000,Uncategorized,,,,,,,,,,,,
120,simple,,AMD Phenom II X2 565,1,0,visible,3.40GHz,DDR3 1066/1333,,,taxable,,1,,,0,0,,,,,0,,,18100,Uncategorized,,,,,,,,,,,,
121,simple,,AMD Phenom II X2 570,1,0,visible,3.50GHz,DDR3 1066/1333,,,taxable,,1,,,0,0,,,,,0,,,19000,Uncategorized,,,,,,,,,,,,
122,simple,,AMD Phenom II X3 700e,1,0,visible,2.40GHz,DDR3 1066/1333,,,taxable,,1,,,0,0,,,,,0,,,19100,Uncategorized,,,,,,,,,,,,
123,simple,,AMD Phenom II X3 705e,1,0,visible,2.50GHz,DDR3 1066/1333,,,taxable,,1,,,0,0,,,,,0,,,20000,Uncategorized,,,,,,,,,,,,
124,simple,,AMD Phenom II X3 710,1,0,visible,2.60GHz,DDR3 1066/1333,,,taxable,,1,,,0,0,,,,,0,,,20100,Uncategorized,,,,,,,,,,,,
125,simple,,AMD Phenom II X3 720,1,0,visible,2.80GHz,DDR3 1066/1333,,,taxable,,1,,,0,0,,,,,0,,,21000,Uncategorized,,,,,,,,,,,,
126,simple,,AMD Phenom II X3 740,1,0,visible,3.00GHz,DDR3 1066/1333,,,taxable,,1,,,0,0,,,,,0,,,21100,Uncategorized,,,,,,,,,,,,
127,simple,,AMD Phenom II X4 805,1,0,visible,2.50GHz,DDR3 1066/1333,,,taxable,,1,,,0,0,,,,,0,,,22000,Uncategorized,,,,,,,,,,,,
128,simple,,AMD Phenom II X4 810,1,0,visible,2.60GHz,DDR3 1066/1333,,,taxable,,1,,,0,0,,,,,0,,,22100,Uncategorized,,,,,,,,,,,,
129,simple,,AMD Phenom II X4 820,1,0,visible,2.80GHz,DDR3 1066/1333,,,taxable,,1,,,0,0,,,,,0,,,23000,Uncategorized,,,,,,,,,,,,
130,simple,,AMD Phenom II X4 840,1,0,visible,3.20GHz,DDR3 1066/1333,,,taxable,,1,,,0,0,,,,,0,,,23100,Uncategorized,,,,,,,,,,,,
131,simple,,AMD Phenom II X4 840T,1,0,visible,2.90GHz,DDR3 1066/1333,,,taxable,,1,,,0,0,,,,,0,,,24000,Uncategorized,,,,,,,,,,,,
132,simple,,AMD Phenom II X4 900e,1,0,visible,2.40GHz,DDR3 1066/1333,,,taxable,,1,,,0,0,,,,,0,,,24100,Uncategorized,,,,,,,,,,,,
133,simple,,AMD Phenom II X4 905e,1,0,visible,2.50GHz,DDR3 1066/1333,,,taxable,,1,,,0,0,,,,,0,,,25000,Uncategorized,,,,,,,,,,,,
134,simple,,AMD Phenom II X4 910,1,0,visible,2.60GHz,DDR3 1066/1333,,,taxable,,1,,,0,0,,,,,0,,,25100,Uncategorized,,,,,,,,,,,,
135,simple,,AMD Phenom II X4 910e,1,0,visible,2.60GHz,DDR3 1066/1333,,,taxable,,1,,,0,0,,,,,0,,,26000,Uncategorized,,,,,,,,,,,,
136,simple,,AMD Phenom II X4 925,1,0,visible,2.80GHz,DDR3 1066/1333,,,taxable,,1,,,0,0,,,,,0,,,26100,Uncategorized,,,,,,,,,,,,
137,simple,,AMD Phenom II X4 945,1,0,visible,3.00GHz,DDR3 1066/1333,,,taxable,,1,,,0,0,,,,,0,,,27000,Uncategorized,,,,,,,,,,,,
138,simple,,AMD Phenom II X4 955,1,0,visible,3.20GHz,DDR3 1066/1333,,,taxable,,1,,,0,0,,,,,0,,,27100,Uncategorized,,,,,,,,,,,,
139,simple,,AMD Phenom II X4 960,1,0,visible,3.30GHz,DDR3 1066/1333,,,taxable,,1,,,0,0,,,,,0,,,28000,Uncategorized,,,,,,,,,,,,
140,simple,,AMD Phenom II X4 960T,1,0,visible,3.00GHz,DDR3 1066/1333,,,taxable,,1,,,0,0,,,,,0,,,28100,Uncategorized,,,,,,,,,,,,
141,simple,,AMD Phenom II X4 965,1,0,visible,3.40GHz,DDR3 1066/1333,,,taxable,,1,,,0,0,,,,,0,,,29000,Uncategorized,,,,,,,,,,,,
142,simple,,AMD Phenom II X4 970,1,0,visible,3.80GHz,DDR3 1066/1333,,,taxable,,1,,,0,0,,,,,0,,,29100,Uncategorized,,,,,,,,,,,,
143,simple,,AMD Phenom II X4 975,1,0,visible,3.60GHz,DDR3 1066/1333,,,taxable,,1,,,0,0,,,,,0,,,30000,Uncategorized,,,,,,,,,,,,
144,simple,,AMD Phenom II X4 980,1,0,visible,3.70GHz,DDR3 1066/1333,,,taxable,,1,,,0,0,,,,,0,,,30100,Uncategorized,,,,,,,,,,,,
145,simple,,AMD Phenom II X6 1035T,1,0,visible,2.60GHz,DDR3 1066/1333,,,taxable,,1,,,0,0,,,,,0,,,1000,Uncategorized,,,,,,,,,,,,
146,simple,,AMD Phenom II X6 1045T,1,0,visible,2.70GHz,DDR3 1066/1333,,,taxable,,1,,,0,0,,,,,0,,,1100,Uncategorized,,,,,,,,,,,,
147,simple,,AMD Phenom II X6 1055T,1,0,visible,2.80GHz,DDR3 1066/1333,,,taxable,,1,,,0,0,,,,,0,,,2000,Uncategorized,,,,,,,,,,,,
148,simple,,AMD Phenom II X6 1065T,1,0,visible,2.90GHz,DDR3 1066/1333,,,taxable,,1,,,0,0,,,,,0,,,2100,Uncategorized,,,,,,,,,,,,
149,simple,,AMD Phenom II X6 1075T,1,0,visible,3.00GHz,DDR3 1066/1333,,,taxable,,1,,,0,0,,,,,0,,,3000,Uncategorized,,,,,,,,,,,,
150,simple,,AMD Phenom II X6 1090T,1,0,visible,3.20GHz,DDR3 1066/1333,,,taxable,,1,,,0,0,,,,,0,,,3100,Uncategorized,,,,,,,,,,,,
151,simple,,AMD Sempron 130,1,0,visible,2.60GHz,DDR3 1066/1333,,,taxable,,1,,,0,0,,,,,0,,,4000,Uncategorized,,,,,,,,,,,,
152,simple,,AMD Sempron 140,1,0,visible,2.70GHz,DDR3 1066/1333,,,taxable,,1,,,0,0,,,,,0,,,4100,Uncategorized,,,,,,,,,,,,
153,simple,,AMD Sempron 145,1,0,visible,2.80GHz,DDR3 1066/1333,,,taxable,,1,,,0,0,,,,,0,,,5000,Uncategorized,,,,,,,,,,,,
154,simple,,AMD Sempron 150,1,0,visible,2.90GHz,DDR3 1066/1333,,,taxable,,1,,,0,0,,,,,0,,,5100,Uncategorized,,,,,,,,,,,,
155,simple,,AMD Sempron 190,1,0,visible,2.50GHz,DDR3 1066/1333,,,taxable,,1,,,0,0,,,,,0,,,6000,Uncategorized,,,,,,,,,,,,
156,simple,,AMD A10-7700K,1,0,visible,3.40GHz,DDR3 1066/1333/1600/1866/2133,,,taxable,,1,,,0,0,,,,,0,,,6100,Uncategorized,,,,,,,,,,,,
157,simple,,AMD A10-7800,1,0,visible,3.50GHz,DDR3 1066/1333/1600/1866/2133,,,taxable,,1,,,0,0,,,,,0,,,7000,Uncategorized,,,,,,,,,,,,
158,simple,,AMD A10-7850K,1,0,visible,3.70GHz,DDR3 1066/1333/1600/1866/2133,,,taxable,,1,,,0,0,,,,,0,,,7100,Uncategorized,,,,,,,,,,,,
159,simple,,AMD A10-7860K,1,0,visible,3.60GHz,DDR3 1066/1333/1600/1866/2133,,,taxable,,1,,,0,0,,,,,0,,,8000,Uncategorized,,,,,,,,,,,,
160,simple,,AMD A10-7870K,1,0,visible,3.90GHz,DDR3 1066/1333/1600/1866/2133,,,taxable,,1,,,0,0,,,,,0,,,8100,Uncategorized,,,,,,,,,,,,
161,simple,,AMD A10-7890K,1,0,visible,4.10GHz,DDR3 1066/1333/1600/1866/2133,,,taxable,,1,,,0,0,,,,,0,,,9000,Uncategorized,,,,,,,,,,,,
162,simple,,AMD A10-8750,1,0,visible,3.60GHz,DDR3 1066/1333/1600/1866/2133,,,taxable,,1,,,0,0,,,,,0,,,9100,Uncategorized,,,,,,,,,,,,
163,simple,,AMD A10-PRO 7800B,1,0,visible,3.50GHz,DDR3 1066/1333/1600/1866/2133,,,taxable,,1,,,0,0,,,,,0,,,10000,Uncategorized,,,,,,,,,,,,
164,simple,,AMD A10-PRO 7850B,1,0,visible,3.60GHz,DDR3 1066/1333/1600/1866/2133,,,taxable,,1,,,0,0,,,,,0,,,10100,Uncategorized,,,,,,,,,,,,
165,simple,,AMD A10-PRO 8750B,1,0,visible,3.60GHz,DDR3 1066/1333/1600/1866/2133,,,taxable,,1,,,0,0,,,,,0,,,11000,Uncategorized,,,,,,,,,,,,
166,simple,,AMD A4 8350,1,0,visible,3.50GHz,DDR3 1066/1333/1600/1866/2133,,,taxable,,1,,,0,0,,,,,0,,,11100,Uncategorized,,,,,,,,,,,,
167,simple,,AMD A4 8350B,1,0,visible,3.50GHz,DDR3 1066/1333/1600/1866/2133,,,taxable,,1,,,0,0,,,,,0,,,12000,Uncategorized,,,,,,,,,,,,
168,simple,,AMD A4 PRO 7350B,1,0,visible,3.40GHz,DDR3 1066/1333/1600/1866/2133,,,taxable,,1,,,0,0,,,,,0,,,12100,Uncategorized,,,,,,,,,,,,
169,simple,,AMD A6-7400K,1,0,visible,3.50GHz,DDR3 1066/1333/1600/1866/2133,,,taxable,,1,,,0,0,,,,,0,,,13000,Uncategorized,,,,,,,,,,,,
170,simple,,AMD A6-7470K,1,0,visible,3.70GHz,DDR3 1066/1333/1600/1866/2133,,,taxable,,1,,,0,0,,,,,0,,,13100,Uncategorized,,,,,,,,,,,,
171,simple,,AMD A6-7480,1,0,visible,3.50GHz,DDR3 1066/1333/1600/1866/2133,,,taxable,,1,,,0,0,,,,,0,,,14000,Uncategorized,,,,,,,,,,,,
172,simple,,AMD A6-8550,1,0,visible,3.70GHz,DDR3 1066/1333/1600/1866/2133,,,taxable,,1,,,0,0,,,,,0,,,14100,Uncategorized,,,,,,,,,,,,
173,simple,,AMD A6-PRO 7400B,1,0,visible,3.50GHz,DDR3 1066/1333/1600/1866/2133,,,taxable,,1,,,0,0,,,,,0,,,15000,Uncategorized,,,,,,,,,,,,
174,simple,,AMD A6-PRO 8550B,1,0,visible,3.70GHz,DDR3 1066/1333/1600/1866/2133,,,taxable,,1,,,0,0,,,,,0,,,15100,Uncategorized,,,,,,,,,,,,
175,simple,,AMD A8-7500,1,0,visible,3.00GHz,DDR3 1066/1333/1600/1866/2133,,,taxable,,1,,,0,0,,,,,0,,,16000,Uncategorized,,,,,,,,,,,,
176,simple,,AMD A8-7600,1,0,visible,3.10GHz,DDR3 1066/1333/1600/1866/2133,,,taxable,,1,,,0,0,,,,,0,,,16100,Uncategorized,,,,,,,,,,,,
177,simple,,AMD A8-7650K,1,0,visible,3.30GHz,DDR3 1066/1333/1600/1866/2133,,,taxable,,1,,,0,0,,,,,0,,,17000,Uncategorized,,,,,,,,,,,,
178,simple,,AMD A8-7670K,1,0,visible,3.60GHz,DDR3 1066/1333/1600/1866/2133,,,taxable,,1,,,0,0,,,,,0,,,17100,Uncategorized,,,,,,,,,,,,
179,simple,,AMD A8-7680,1,0,visible,3.50GHz,DDR3 1066/1333/1600/1866/2133,,,taxable,,1,,,0,0,,,,,0,,,18000,Uncategorized,,,,,,,,,,,,
180,simple,,AMD A8-7690K,1,0,visible,3.70GHz,DDR3 1066/1333/1600/1866/2133,,,taxable,,1,,,0,0,,,,,0,,,18100,Uncategorized,,,,,,,,,,,,
181,simple,,AMD A8-8650,1,0,visible,3.20GHz,DDR3 1066/1333/1600/1866/2133,,,taxable,,1,,,0,0,,,,,0,,,19000,Uncategorized,,,,,,,,,,,,
182,simple,,AMD A8-PRO 7600B,1,0,visible,3.10GHz,DDR3 1066/1333/1600/1866/2133,,,taxable,,1,,,0,0,,,,,0,,,19100,Uncategorized,,,,,,,,,,,,
183,simple,,AMD A8-PRO 8650B,1,0,visible,3.20GHz,DDR3 1066/1333/1600/1866/2133,,,taxable,,1,,,0,0,,,,,0,,,20000,Uncategorized,,,,,,,,,,,,
184,simple,,AMD Athlon X2 450,1,0,visible,3.50GHz,DDR3 1066/1333/1600/1866/2133,,,taxable,,1,,,0,0,,,,,0,,,20100,Uncategorized,,,,,,,,,,,,
185,simple,,AMD Athlon X4 830,1,0,visible,3.00GHz,DDR3 1066/1333/1600/1866/2133,,,taxable,,1,,,0,0,,,,,0,,,21000,Uncategorized,,,,,,,,,,,,
186,simple,,AMD Athlon X4 835,1,0,visible,3.10GHz,DDR3 1066/1333/1600/1866/2133,,,taxable,,1,,,0,0,,,,,0,,,21100,Uncategorized,,,,,,,,,,,,
187,simple,,AMD Athlon X4 840,1,0,visible,3.10GHz,DDR3 1066/1333/1600/1866/2133,,,taxable,,1,,,0,0,,,,,0,,,22000,Uncategorized,,,,,,,,,,,,
188,simple,,AMD Athlon X4 845,1,0,visible,3.50GHz,DDR3 1066/1333/1600/1866/2133,,,taxable,,1,,,0,0,,,,,0,,,22100,Uncategorized,,,,,,,,,,,,
189,simple,,AMD Athlon X4 850,1,0,visible,3.20GHz,DDR3 1066/1333/1600/1866/2133,,,taxable,,1,,,0,0,,,,,0,,,23000,Uncategorized,,,,,,,,,,,,
190,simple,,AMD Athlon X4 860K,1,0,visible,3.70GHz,DDR3 1066/1333/1600/1866/2133,,,taxable,,1,,,0,0,,,,,0,,,23100,Uncategorized,,,,,,,,,,,,
191,simple,,AMD Athlon X4 870K,1,0,visible,3.90GHz,DDR3 1066/1333/1600/1866/2133,,,taxable,,1,,,0,0,,,,,0,,,24000,Uncategorized,,,,,,,,,,,,
192,simple,,AMD Athlon X4 880K,1,0,visible,4.00GHz,DDR3 1066/1333/1600/1866/2133,,,taxable,,1,,,0,0,,,,,0,,,24100,Uncategorized,,,,,,,,,,,,
193,simple,,AMD FX 770K,1,0,visible,3.50GHz,DDR3 1066/1333/1600/1866/2133,,,taxable,,1,,,0,0,,,,,0,,,25000,Uncategorized,,,,,,,,,,,,
194,simple,,AMD FX 870K,1,0,visible,3.60GHz,DDR3 1066/1333/1600/1866/2133,,,taxable,,1,,,0,0,,,,,0,,,25100,Uncategorized,,,,,,,,,,,,
195,simple,,Intel Celeron G4950,1,0,visible,3.30GHz,DDR4 2400,,,taxable,,1,,,0,0,,,,,0,,,26000,Uncategorized,,,,,,,,,,,,
196,simple,,Intel Core i3-6100,1,0,visible,3.70GHz,DDR4 1866/2133,,,taxable,,1,,,0,0,,,,,0,,,26100,Uncategorized,,,,,,,,,,,,
197,simple,,Intel Core i3-6100T,1,0,visible,3.20GHz,DDR4 1866/2133,,,taxable,,1,,,0,0,,,,,0,,,27000,Uncategorized,,,,,,,,,,,,
198,simple,,Intel Core i3-6300,1,0,visible,3.80GHz,DDR4 1866/2133,,,taxable,,1,,,0,0,,,,,0,,,27100,Uncategorized,,,,,,,,,,,,
199,simple,,Intel Core i3-6300T,1,0,visible,3.30GHz,DDR4 1866/2133,,,taxable,,1,,,0,0,,,,,0,,,28000,Uncategorized,,,,,,,,,,,,
200,simple,,Intel Core i3-6320,1,0,visible,3.90GHz,DDR4 1866/2133,,,taxable,,1,,,0,0,,,,,0,,,28100,Uncategorized,,,,,,,,,,,,
201,simple,,Intel Core i3-8100T,1,0,visible,3.10GHz,DDR4 2400,,,taxable,,1,,,0,0,,,,,0,,,29000,Uncategorized,,,,,,,,,,,,
202,simple,,Intel Core i3-8300,1,0,visible,3.70GHz,DDR4 2400,,,taxable,,1,,,0,0,,,,,0,,,29100,Uncategorized,,,,,,,,,,,,
203,simple,,Intel Core i3-8300T,1,0,visible,3.20GHz,DDR4 2400,,,taxable,,1,,,0,0,,,,,0,,,30000,Uncategorized,,,,,,,,,,,,
204,simple,,Intel Core i3-9100,1,0,visible,3.60GHz,DDR4 2400,,,taxable,,1,,,0,0,,,,,0,,,30100,Uncategorized,,,,,,,,,,,,
205,simple,,Intel Core i3-9100E,1,0,visible,3.10GHz,DDR4 2400,,,taxable,,1,,,0,0,,,,,0,,,1000,Uncategorized,,,,,,,,,,,,
206,simple,,Intel Core i3-9100F,1,0,visible,3.60GHz,DDR4 2400,,,taxable,,1,,,0,0,,,,,0,,,1100,Uncategorized,,,,,,,,,,,,
207,simple,,Intel Core i3-9100T,1,0,visible,3.10GHz,DDR4 2400,,,taxable,,1,,,0,0,,,,,0,,,2000,Uncategorized,,,,,,,,,,,,
208,simple,,Intel Core i3-9100TE,1,0,visible,2.20GHz,DDR4 2400,,,taxable,,1,,,0,0,,,,,0,,,2100,Uncategorized,,,,,,,,,,,,
209,simple,,Intel Core i3-9300,1,0,visible,3.70GHz,DDR4 2400,,,taxable,,1,,,0,0,,,,,0,,,3000,Uncategorized,,,,,,,,,,,,
210,simple,,Intel Core i3-9300T,1,0,visible,3.20GHz,DDR4 2400,,,taxable,,1,,,0,0,,,,,0,,,3100,Uncategorized,,,,,,,,,,,,
211,simple,,Intel Core i3-9320,1,0,visible,3.70GHz,DDR4 2400,,,taxable,,1,,,0,0,,,,,0,,,4000,Uncategorized,,,,,,,,,,,,
212,simple,,Intel Core i3-9350K,1,0,visible,4.00GHz,DDR4 2400,,,taxable,,1,,,0,0,,,,,0,,,4100,Uncategorized,,,,,,,,,,,,
213,simple,,Intel Core i3-9350KF,1,0,visible,4.00GHz,DDR4 2400,,,taxable,,1,,,0,0,,,,,0,,,5000,Uncategorized,,,,,,,,,,,,
214,simple,,Intel Core i5-6400T,1,0,visible,2.20GHz,DDR4 1866/2133,,,taxable,,1,,,0,0,,,,,0,,,5100,Uncategorized,,,,,,,,,,,,
215,simple,,Intel Core i5-6600,1,0,visible,3.30GHz,DDR4 1866/2133,,,taxable,,1,,,0,0,,,,,0,,,6000,Uncategorized,,,,,,,,,,,,
216,simple,,Intel Core i5-6600K,1,0,visible,3.50GHz,DDR4 1866/2133,,,taxable,,1,,,0,0,,,,,0,,,6100,Uncategorized,,,,,,,,,,,,
217,simple,,Intel Core i5-8400T,1,0,visible,1.70GHz,DDR4 2666,,,taxable,,1,,,0,0,,,,,0,,,7000,Uncategorized,,,,,,,,,,,,
218,simple,,Intel Core i5-8600,1,0,visible,3.10GHz,DDR4 2666,,,taxable,,1,,,0,0,,,,,0,,,7100,Uncategorized,,,,,,,,,,,,
219,simple,,Intel Core i5-8600T,1,0,visible,2.30GHz,DDR4 2666,,,taxable,,1,,,0,0,,,,,0,,,8000,Uncategorized,,,,,,,,,,,,
220,simple,,Intel Core i5-9400,1,0,visible,2.90GHz,DDR4 2666,,,taxable,,1,,,0,0,,,,,0,,,8100,Uncategorized,,,,,,,,,,,,
221,simple,,Intel Core i5-9400F,1,0,visible,2.90GHz,DDR4 2666,,,taxable,,1,,,0,0,,,,,0,,,9000,Uncategorized,,,,,,,,,,,,
222,simple,,Intel Core i5-9400T,1,0,visible,1.80GHz,DDR4 2666,,,taxable,,1,,,0,0,,,,,0,,,9100,Uncategorized,,,,,,,,,,,,
223,simple,,Intel Core i5-9500,1,0,visible,3.00GHz,DDR4 2666,,,taxable,,1,,,0,0,,,,,0,,,10000,Uncategorized,,,,,,,,,,,,
224,simple,,Intel Core i5-9500E,1,0,visible,3.00GHz,DDR4 2666,,,taxable,,1,,,0,0,,,,,0,,,10100,Uncategorized,,,,,,,,,,,,
225,simple,,Intel Core i5-9500F,1,0,visible,3.00GHz,DDR4 2666,,,taxable,,1,,,0,0,,,,,0,,,11000,Uncategorized,,,,,,,,,,,,
226,simple,,Intel Core i5-9500T,1,0,visible,2.20GHz,DDR4 2666,,,taxable,,1,,,0,0,,,,,0,,,11100,Uncategorized,,,,,,,,,,,,
227,simple,,Intel Core i5-9500TE,1,0,visible,2.20GHz,DDR4 2666,,,taxable,,1,,,0,0,,,,,0,,,12000,Uncategorized,,,,,,,,,,,,
228,simple,,Intel Core i5-9600,1,0,visible,3.10GHz,DDR4 2666,,,taxable,,1,,,0,0,,,,,0,,,12100,Uncategorized,,,,,,,,,,,,
229,simple,,Intel Core i5-9600K,1,0,visible,3.70GHz,DDR4 2666,,,taxable,,1,,,0,0,,,,,0,,,13000,Uncategorized,,,,,,,,,,,,
230,simple,,Intel Core i5-9600KF,1,0,visible,3.70GHz,DDR4 2666,,,taxable,,1,,,0,0,,,,,0,,,13100,Uncategorized,,,,,,,,,,,,
231,simple,,Intel Core i5-9600T,1,0,visible,2.30GHz,DDR4 2666,,,taxable,,1,,,0,0,,,,,0,,,14000,Uncategorized,,,,,,,,,,,,
232,simple,,Intel Core i7-6700K,1,0,visible,4.00GHz,DDR4 1866/2133,,,taxable,,1,,,0,0,,,,,0,,,14100,Uncategorized,,,,,,,,,,,,
233,simple,,Intel Core i7-8700T,1,0,visible,2.40GHz,DDR4 2666,,,taxable,,1,,,0,0,,,,,0,,,15000,Uncategorized,,,,,,,,,,,,
234,simple,,Intel Pentium G4400,1,0,visible,3.30GHz,DDR3 1333/1600,,,taxable,,1,,,0,0,,,,,0,,,15100,Uncategorized,,,,,,,,,,,,
235,simple,,Intel Pentium G4400T,1,0,visible,2.90GHz,DDR3 1333/1600,,,taxable,,1,,,0,0,,,,,0,,,16000,Uncategorized,,,,,,,,,,,,
236,simple,,Intel Pentium G4400TE,1,0,visible,2.40GHz,DDR3 1333/1600,,,taxable,,1,,,0,0,,,,,0,,,16100,Uncategorized,,,,,,,,,,,,
237,simple,,Intel Pentium G4500,1,0,visible,3.50GHz,DDR3 1333/1600,,,taxable,,1,,,0,0,,,,,0,,,17000,Uncategorized,,,,,,,,,,,,
238,simple,,Intel Pentium G4500T,1,0,visible,3.00GHz,DDR3 1333/1600,,,taxable,,1,,,0,0,,,,,0,,,17100,Uncategorized,,,,,,,,,,,,
239,simple,,Intel Pentium G4520,1,0,visible,3.60GHz,DDR3 1333/1600,,,taxable,,1,,,0,0,,,,,0,,,18000,Uncategorized,,,,,,,,,,,,
240,simple,,Intel Pentium G4560,1,0,visible,3.50GHz,DDR3 1333/1600,,,taxable,,1,,,0,0,,,,,0,,,18100,Uncategorized,,,,,,,,,,,,
241,simple,,Intel Pentium G4560T,1,0,visible,2.90GHz,DDR3 1333/1600,,,taxable,,1,,,0,0,,,,,0,,,19000,Uncategorized,,,,,,,,,,,,
242,simple,,Intel Pentium G4600,1,0,visible,3.60GHz,DDR3 1333/1600,,,taxable,,1,,,0,0,,,,,0,,,19100,Uncategorized,,,,,,,,,,,,
243,simple,,Intel Pentium G4600T,1,0,visible,3.00GHz,DDR3 1333/1600,,,taxable,,1,,,0,0,,,,,0,,,20000,Uncategorized,,,,,,,,,,,,
244,simple,,Intel Pentium G4620,1,0,visible,3.70GHz,DDR3 1333/1600,,,taxable,,1,,,0,0,,,,,0,,,20100,Uncategorized,,,,,,,,,,,,
245,simple,,Intel Pentium G5400,1,0,visible,3.70GHz,DDR3 1333/1600/1866/2133,,,taxable,,1,,,0,0,,,,,0,,,21000,Uncategorized,,,,,,,,,,,,
246,simple,,Intel Pentium G5400T,1,0,visible,3.10GHz,DDR3 1333/1600/1866/2133,,,taxable,,1,,,0,0,,,,,0,,,21100,Uncategorized,,,,,,,,,,,,
247,simple,,Intel Pentium G5420,1,0,visible,3.80GHz,DDR3 1333/1600/1866/2133,,,taxable,,1,,,0,0,,,,,0,,,22000,Uncategorized,,,,,,,,,,,,
248,simple,,Intel Pentium G5420T,1,0,visible,3.20GHz,DDR3 1333/1600/1866/2133,,,taxable,,1,,,0,0,,,,,0,,,22100,Uncategorized,,,,,,,,,,,,
249,simple,,Intel Pentium G5500,1,0,visible,3.80GHz,DDR3 1333/1600/1866/2133,,,taxable,,1,,,0,0,,,,,0,,,23000,Uncategorized,,,,,,,,,,,,
250,simple,,Intel Pentium G5500T,1,0,visible,3.20GHz,DDR3 1333/1600/1866/2133,,,taxable,,1,,,0,0,,,,,0,,,23100,Uncategorized,,,,,,,,,,,,
251,simple,,Intel Pentium G5600,1,0,visible,3.90GHz,DDR3 1333/1600/1866/2133,,,taxable,,1,,,0,0,,,,,0,,,24000,Uncategorized,,,,,,,,,,,,
252,simple,,Intel Pentium G5600T,1,0,visible,3.30GHz,DDR3 1333/1600/1866/2133,,,taxable,,1,,,0,0,,,,,0,,,24100,Uncategorized,,,,,,,,,,,,
253,simple,,Intel Pentium G5620,1,0,visible,4.00GHz,DDR3 1333/1600/1866/2133,,,taxable,,1,,,0,0,,,,,0,,,25000,Uncategorized,,,,,,,,,,,,
254,simple,,Intel Celeron G440,1,0,visible,1.60GHz,DDR3 1066,,,taxable,,1,,,0,0,,,,,0,,,25100,Uncategorized,,,,,,,,,,,,
255,simple,,Intel Celeron G460,1,0,visible,1.80GHz,DDR3 1066,,,taxable,,1,,,0,0,,,,,0,,,26000,Uncategorized,,,,,,,,,,,,
256,simple,,Intel Celeron G530,1,0,visible,2.40GHz,DDR3 1066,,,taxable,,1,,,0,0,,,,,0,,,26100,Uncategorized,,,,,,,,,,,,
257,simple,,Intel Celeron G530T,1,0,visible,2.00GHz,DDR3 1066,,,taxable,,1,,,0,0,,,,,0,,,27000,Uncategorized,,,,,,,,,,,,
258,simple,,Intel Celeron G540,1,0,visible,2.50GHz,DDR3 1066,,,taxable,,1,,,0,0,,,,,0,,,27100,Uncategorized,,,,,,,,,,,,
259,simple,,Intel Core i3-2100,1,0,visible,3.10GHz,DDR3 1066/1333,,,taxable,,1,,,0,0,,,,,0,,,28000,Uncategorized,,,,,,,,,,,,
260,simple,,Intel Core i3-2102,1,0,visible,3.10GHz,DDR3 1066/1333,,,taxable,,1,,,0,0,,,,,0,,,28100,Uncategorized,,,,,,,,,,,,
261,simple,,Intel Core i3-2105,1,0,visible,3.10GHz,DDR3 1066/1333,,,taxable,,1,,,0,0,,,,,0,,,29000,Uncategorized,,,,,,,,,,,,
262,simple,,Intel Core i3-2120,1,0,visible,3.30GHz,DDR3 1066/1333,,,taxable,,1,,,0,0,,,,,0,,,29100,Uncategorized,,,,,,,,,,,,
263,simple,,Intel Core i3-2120T,1,0,visible,2.60GHz,DDR3 1066/1333,,,taxable,,1,,,0,0,,,,,0,,,30000,Uncategorized,,,,,,,,,,,,
264,simple,,Intel Core i3-2125,1,0,visible,3.30GHz,DDR3 1066/1333,,,taxable,,1,,,0,0,,,,,0,,,30100,Uncategorized,,,,,,,,,,,,
265,simple,,Intel Core i3-2130,1,0,visible,3.40GHz,DDR3 1066/1333,,,taxable,,1,,,0,0,,,,,0,,,1000,Uncategorized,,,,,,,,,,,,
266,simple,,Intel Core i5-2390T,1,0,visible,2.70GHz,DDR3 1066/1333,,,taxable,,1,,,0,0,,,,,0,,,1100,Uncategorized,,,,,,,,,,,,
267,simple,,Intel Core i5-2405S,1,0,visible,2.50GHz,DDR3 1066/1333,,,taxable,,1,,,0,0,,,,,0,,,2000,Uncategorized,,,,,,,,,,,,
268,simple,,Intel Core i5-3450,1,0,visible,3.10GHz,DDR3 1333/1600,,,taxable,,1,,,0,0,,,,,0,,,2100,Uncategorized,,,,,,,,,,,,
269,simple,,Intel Core i5-3450S,1,0,visible,2.80GHz,DDR3 1333/1600,,,taxable,,1,,,0,0,,,,,0,,,3000,Uncategorized,,,,,,,,,,,,
270,simple,,Intel Core i5-3470,1,0,visible,3.20GHz,DDR3 1333/1600,,,taxable,,1,,,0,0,,,,,0,,,3100,Uncategorized,,,,,,,,,,,,
271,simple,,Intel Core i5-3470S,1,0,visible,2.90GHz,DDR3 1333/1600,,,taxable,,1,,,0,0,,,,,0,,,4000,Uncategorized,,,,,,,,,,,,
272,simple,,Intel Core i5-3470T,1,0,visible,2.90GHz,DDR3 1333/1600,,,taxable,,1,,,0,0,,,,,0,,,4100,Uncategorized,,,,,,,,,,,,
273,simple,,Intel Core i5-3475S,1,0,visible,2.90GHz,DDR3 1333/1600,,,taxable,,1,,,0,0,,,,,0,,,5000,Uncategorized,,,,,,,,,,,,
274,simple,,Intel Core i5-3550,1,0,visible,3.30GHz,DDR3 1333/1600,,,taxable,,1,,,0,0,,,,,0,,,5100,Uncategorized,,,,,,,,,,,,
275,simple,,Intel Core i5-3550S,1,0,visible,3.00GHz,DDR3 1333/1600,,,taxable,,1,,,0,0,,,,,0,,,6000,Uncategorized,,,,,,,,,,,,
276,simple,,Intel Core i5-3570,1,0,visible,3.40GHz,DDR3 1333/1600,,,taxable,,1,,,0,0,,,,,0,,,6100,Uncategorized,,,,,,,,,,,,
277,simple,,Intel Core i5-3570K,1,0,visible,3.40GHz,DDR3 1333/1600,,,taxable,,1,,,0,0,,,,,0,,,7000,Uncategorized,,,,,,,,,,,,
278,simple,,Intel Core i5-3570S,1,0,visible,3.10GHz,DDR3 1333/1600,,,taxable,,1,,,0,0,,,,,0,,,7100,Uncategorized,,,,,,,,,,,,
279,simple,,Intel Core i5-3570T,1,0,visible,2.30GHz,DDR3 1333/1600,,,taxable,,1,,,0,0,,,,,0,,,8000,Uncategorized,,,,,,,,,,,,
280,simple,,Intel Core i7-3770,1,0,visible,3.40GHz,DDR3 1333/1600,,,taxable,,1,,,0,0,,,,,0,,,8100,Uncategorized,,,,,,,,,,,,
281,simple,,Intel Core i7-3770K,1,0,visible,3.50GHz,DDR3 1333/1600,,,taxable,,1,,,0,0,,,,,0,,,9000,Uncategorized,,,,,,,,,,,,
282,simple,,Intel Core i7-3770S,1,0,visible,3.10GHz,DDR3 1333/1600,,,taxable,,1,,,0,0,,,,,0,,,9100,Uncategorized,,,,,,,,,,,,
283,simple,,Intel Core i7-3770T,1,0,visible,2.50GHz,DDR3 1333/1600,,,taxable,,1,,,0,0,,,,,0,,,10000,Uncategorized,,,,,,,,,,,,
284,simple,,Intel Pentium G620,1,0,visible,2.60GHz,DDR3 1066,,,taxable,,1,,,0,0,,,,,0,,,10100,Uncategorized,,,,,,,,,,,,
285,simple,,Intel Pentium G620T,1,0,visible,2.20GHz,DDR3 1066,,,taxable,,1,,,0,0,,,,,0,,,11000,Uncategorized,,,,,,,,,,,,
286,simple,,Intel Pentium G630,1,0,visible,2.70GHz,DDR3 1066,,,taxable,,1,,,0,0,,,,,0,,,11100,Uncategorized,,,,,,,,,,,,
287,simple,,Intel Pentium G630T,1,0,visible,2.30GHz,DDR3 1066,,,taxable,,1,,,0,0,,,,,0,,,12000,Uncategorized,,,,,,,,,,,,
288,simple,,Intel Pentium G632,1,0,visible,2.70GHz,DDR3 1066,,,taxable,,1,,,0,0,,,,,0,,,12100,Uncategorized,,,,,,,,,,,,
289,simple,,Intel Pentium G840,1,0,visible,2.80GHz,DDR3 1066/1333,,,taxable,,1,,,0,0,,,,,0,,,13000,Uncategorized,,,,,,,,,,,,
290,simple,,Intel Pentium G850,1,0,visible,2.90GHz,DDR3 1066/1333,,,taxable,,1,,,0,0,,,,,0,,,13100,Uncategorized,,,,,,,,,,,,
291,simple,,Intel Pentium G860,1,0,visible,3.00GHz,DDR3 1066/1333,,,taxable,,1,,,0,0,,,,,0,,,14000,Uncategorized,,,,,,,,,,,,
292,simple,,Intel Pentium G860T,1,0,visible,2.60GHz,DDR3 1066/1333,,,taxable,,1,,,0,0,,,,,0,,,14100,Uncategorized,,,,,,,,,,,,
293,simple,,Intel Pentium G870,1,0,visible,3.10GHz,DDR3 1066/1333,,,taxable,,1,,,0,0,,,,,0,,,15000,Uncategorized,,,,,,,,,,,,
294,simple,,Intel Xeon E3-1220 v2,1,0,visible,3.10GHz,DDR3 1333/1600,,,taxable,,1,,,0,0,,,,,0,,,15100,Uncategorized,,,,,,,,,,,,
295,simple,,Intel Xeon E3-1220L,1,0,visible,2.20GHz,DDR3 1066/1333,,,taxable,,1,,,0,0,,,,,0,,,16000,Uncategorized,,,,,,,,,,,,
296,simple,,Intel Xeon E3-1220L v2,1,0,visible,2.30GHz,DDR3 1333/1600,,,taxable,,1,,,0,0,,,,,0,,,16100,Uncategorized,,,,,,,,,,,,
297,simple,,Intel Xeon E3-1225 v2,1,0,visible,3.20GHz,DDR3 1333/1600,,,taxable,,1,,,0,0,,,,,0,,,17000,Uncategorized,,,,,,,,,,,,
298,simple,,Intel Xeon E3-1230 v2,1,0,visible,3.30GHz,DDR3 1333/1600,,,taxable,,1,,,0,0,,,,,0,,,17100,Uncategorized,,,,,,,,,,,,
299,simple,,Intel Xeon E3-1240 v2,1,0,visible,3.40GHz,DDR3 1333/1600,,,taxable,,1,,,0,0,,,,,0,,,18000,Uncategorized,,,,,,,,,,,,
300,simple,,Intel Xeon E3-1245 v2,1,0,visible,3.40GHz,DDR3 1333/1600,,,taxable,,1,,,0,0,,,,,0,,,18100,Uncategorized,,,,,,,,,,,,
301,simple,,Intel Xeon E3-1265L v2,1,0,visible,2.50GHz,DDR3 1333/1600,,,taxable,,1,,,0,0,,,,,0,,,19000,Uncategorized,,,,,,,,,,,,
302,simple,,Intel Xeon E3-1270 v2,1,0,visible,3.50GHz,DDR3 1333/1600,,,taxable,,1,,,0,0,,,,,0,,,19100,Uncategorized,,,,,,,,,,,,
303,simple,,Intel Xeon E3-1275 v2,1,0,visible,3.50GHz,DDR3 1333/1600,,,taxable,,1,,,0,0,,,,,0,,,20000,Uncategorized,,,,,,,,,,,,
304,simple,,Intel Xeon E3-1280 v2,1,0,visible,3.60GHz,DDR3 1333/1600,,,taxable,,1,,,0,0,,,,,0,,,20100,Uncategorized,,,,,,,,,,,,
305,simple,,Intel Xeon E3-1290 v2,1,0,visible,3.70GHz,DDR3 1333/1600,,,taxable,,1,,,0,0,,,,,0,,,21000,Uncategorized,,,,,,,,,,,,
306,simple,,Intel Celeron G1820,1,0,visible,2.70GHz,DDR3 1333,,,taxable,,1,,,0,0,,,,,0,,,21100,Uncategorized,,,,,,,,,,,,
307,simple,,Intel Celeron G1820T,1,0,visible,2.40GHz,DDR3 1333,,,taxable,,1,,,0,0,,,,,0,,,22000,Uncategorized,,,,,,,,,,,,
308,simple,,Intel Celeron G1820TE,1,0,visible,2.20GHz,DDR3 1333,,,taxable,,1,,,0,0,,,,,0,,,22100,Uncategorized,,,,,,,,,,,,
309,simple,,Intel Celeron G1830,1,0,visible,2.80GHz,DDR3 1333,,,taxable,,1,,,0,0,,,,,0,,,23000,Uncategorized,,,,,,,,,,,,
310,simple,,Intel Celeron G1840,1,0,visible,2.80GHz,DDR3 1333,,,taxable,,1,,,0,0,,,,,0,,,23100,Uncategorized,,,,,,,,,,,,
311,simple,,Intel Celeron G1840T,1,0,visible,2.50GHz,DDR3 1333,,,taxable,,1,,,0,0,,,,,0,,,24000,Uncategorized,,,,,,,,,,,,
312,simple,,Intel Celeron G1850,1,0,visible,2.90GHz,DDR3 1333,,,taxable,,1,,,0,0,,,,,0,,,24100,Uncategorized,,,,,,,,,,,,
313,simple,,Intel Core i3-4130,1,0,visible,3.40GHz,DDR3 1333/1600,,,taxable,,1,,,0,0,,,,,0,,,25000,Uncategorized,,,,,,,,,,,,
314,simple,,Intel Core i3-4130T,1,0,visible,2.90GHz,DDR3 1333/1600,,,taxable,,1,,,0,0,,,,,0,,,25100,Uncategorized,,,,,,,,,,,,
315,simple,,Intel Core i3-4150,1,0,visible,3.50GHz,DDR3 1333/1600,,,taxable,,1,,,0,0,,,,,0,,,26000,Uncategorized,,,,,,,,,,,,
316,simple,,Intel Core i3-4150T,1,0,visible,3.00GHz,DDR3 1333/1600,,,taxable,,1,,,0,0,,,,,0,,,26100,Uncategorized,,,,,,,,,,,,
317,simple,,Intel Core i3-4160,1,0,visible,3.60GHz,DDR3 1333/1600,,,taxable,,1,,,0,0,,,,,0,,,27000,Uncategorized,,,,,,,,,,,,
318,simple,,Intel Core i3-4160T,1,0,visible,3.10GHz,DDR3 1333/1600,,,taxable,,1,,,0,0,,,,,0,,,27100,Uncategorized,,,,,,,,,,,,
319,simple,,Intel Core i3-4170,1,0,visible,3.70GHz,DDR3 1333/1600,,,taxable,,1,,,0,0,,,,,0,,,28000,Uncategorized,,,,,,,,,,,,
320,simple,,Intel Core i3-4170T,1,0,visible,3.20GHz,DDR3 1333/1600,,,taxable,,1,,,0,0,,,,,0,,,28100,Uncategorized,,,,,,,,,,,,
321,simple,,Intel Core i3-4330,1,0,visible,3.50GHz,DDR3 1333/1600,,,taxable,,1,,,0,0,,,,,0,,,29000,Uncategorized,,,,,,,,,,,,
322,simple,,Intel Core i3-4330T,1,0,visible,3.00GHz,DDR3 1333/1600,,,taxable,,1,,,0,0,,,,,0,,,29100,Uncategorized,,,,,,,,,,,,
323,simple,,Intel Core i3-4330TE,1,0,visible,2.40GHz,DDR3 1333/1600,,,taxable,,1,,,0,0,,,,,0,,,30000,Uncategorized,,,,,,,,,,,,
324,simple,,Intel Core i3-4340,1,0,visible,3.60GHz,DDR3 1333/1600,,,taxable,,1,,,0,0,,,,,0,,,30100,Uncategorized,,,,,,,,,,,,
325,simple,,Intel Core i3-4340TE,1,0,visible,2.60GHz,DDR3 1333/1600,,,taxable,,1,,,0,0,,,,,0,,,1000,Uncategorized,,,,,,,,,,,,
326,simple,,Intel Core i3-4350,1,0,visible,3.60GHz,DDR3 1333/1600,,,taxable,,1,,,0,0,,,,,0,,,1100,Uncategorized,,,,,,,,,,,,
327,simple,,Intel Core i3-4350T,1,0,visible,3.10GHz,DDR3 1333/1600,,,taxable,,1,,,0,0,,,,,0,,,2000,Uncategorized,,,,,,,,,,,,
328,simple,,Intel Core i3-4360,1,0,visible,3.70GHz,DDR3 1333/1600,,,taxable,,1,,,0,0,,,,,0,,,2100,Uncategorized,,,,,,,,,,,,
329,simple,,Intel Core i3-4360T,1,0,visible,3.20GHz,DDR3 1333/1600,,,taxable,,1,,,0,0,,,,,0,,,3000,Uncategorized,,,,,,,,,,,,
330,simple,,Intel Core i3-4370,1,0,visible,3.80GHz,DDR3 1333/1600,,,taxable,,1,,,0,0,,,,,0,,,3100,Uncategorized,,,,,,,,,,,,
331,simple,,Intel Core i3-4370T,1,0,visible,3.30GHz,DDR3 1333/1600,,,taxable,,1,,,0,0,,,,,0,,,4000,Uncategorized,,,,,,,,,,,,
332,simple,,Intel Core i5-4430,1,0,visible,3.00GHz,DDR3 1333/1600,,,taxable,,1,,,0,0,,,,,0,,,4100,Uncategorized,,,,,,,,,,,,
333,simple,,Intel Core i5-4430S,1,0,visible,2.70GHz,DDR3 1333/1600,,,taxable,,1,,,0,0,,,,,0,,,5000,Uncategorized,,,,,,,,,,,,
334,simple,,Intel Core i5-4440,1,0,visible,3.10GHz,DDR3 1333/1600,,,taxable,,1,,,0,0,,,,,0,,,5100,Uncategorized,,,,,,,,,,,,
335,simple,,Intel Core i5-4440S,1,0,visible,2.80GHz,DDR3 1333/1600,,,taxable,,1,,,0,0,,,,,0,,,6000,Uncategorized,,,,,,,,,,,,
336,simple,,Intel Core i5-4460,1,0,visible,3.20GHz,DDR3 1333/1600,,,taxable,,1,,,0,0,,,,,0,,,6100,Uncategorized,,,,,,,,,,,,
337,simple,,Intel Core i5-4460S,1,0,visible,2.90GHz,DDR3 1333/1600,,,taxable,,1,,,0,0,,,,,0,,,7000,Uncategorized,,,,,,,,,,,,
338,simple,,Intel Core i5-4460T,1,0,visible,1.90GHz,DDR3 1333/1600,,,taxable,,1,,,0,0,,,,,0,,,7100,Uncategorized,,,,,,,,,,,,
339,simple,,Intel Core i5-4570,1,0,visible,3.20GHz,DDR3 1333/1600,,,taxable,,1,,,0,0,,,,,0,,,8000,Uncategorized,,,,,,,,,,,,
340,simple,,Intel Core i5-4570S,1,0,visible,2.90GHz,DDR3 1333/1600,,,taxable,,1,,,0,0,,,,,0,,,8100,Uncategorized,,,,,,,,,,,,
341,simple,,Intel Core i5-4570T,1,0,visible,2.90GHz,DDR3 1333/1600,,,taxable,,1,,,0,0,,,,,0,,,9000,Uncategorized,,,,,,,,,,,,
342,simple,,Intel Core i5-4570TE,1,0,visible,2.70GHz,DDR3 1333/1600,,,taxable,,1,,,0,0,,,,,0,,,9100,Uncategorized,,,,,,,,,,,,
343,simple,,Intel Core i5-4590,1,0,visible,3.30GHz,DDR3 1333/1600,,,taxable,,1,,,0,0,,,,,0,,,10000,Uncategorized,,,,,,,,,,,,
344,simple,,Intel Core i5-4590S,1,0,visible,3.00GHz,DDR3 1333/1600,,,taxable,,1,,,0,0,,,,,0,,,10100,Uncategorized,,,,,,,,,,,,
345,simple,,Intel Core i5-4590T,1,0,visible,2.00GHz,DDR3 1333/1600,,,taxable,,1,,,0,0,,,,,0,,,11000,Uncategorized,,,,,,,,,,,,
346,simple,,Intel Core i5-4670,1,0,visible,3.40GHz,DDR3 1333/1600,,,taxable,,1,,,0,0,,,,,0,,,11100,Uncategorized,,,,,,,,,,,,
347,simple,,Intel Core i5-4670K,1,0,visible,3.40GHz,DDR3 1333/1600,,,taxable,,1,,,0,0,,,,,0,,,12000,Uncategorized,,,,,,,,,,,,
348,simple,,Intel Core i5-4670S,1,0,visible,3.10GHz,DDR3 1333/1600,,,taxable,,1,,,0,0,,,,,0,,,12100,Uncategorized,,,,,,,,,,,,
349,simple,,Intel Core i5-4670T,1,0,visible,2.30GHz,DDR3 1333/1600,,,taxable,,1,,,0,0,,,,,0,,,13000,Uncategorized,,,,,,,,,,,,
350,simple,,Intel Core i5-4690,1,0,visible,3.50GHz,DDR3 1333/1600,,,taxable,,1,,,0,0,,,,,0,,,13100,Uncategorized,,,,,,,,,,,,
351,simple,,Intel Core i5-4690K,1,0,visible,3.50GHz,DDR3 1333/1600,,,taxable,,1,,,0,0,,,,,0,,,14000,Uncategorized,,,,,,,,,,,,
352,simple,,Intel Core i5-4690S,1,0,visible,3.20GHz,DDR3 1333/1600,,,taxable,,1,,,0,0,,,,,0,,,14100,Uncategorized,,,,,,,,,,,,
353,simple,,Intel Core i5-4690T,1,0,visible,2.50GHz,DDR3 1333/1600,,,taxable,,1,,,0,0,,,,,0,,,15000,Uncategorized,,,,,,,,,,,,
354,simple,,Intel Core i5-5675C,1,0,visible,3.10GHz,DDR3L 1333/1600,,,taxable,,1,,,0,0,,,,,0,,,15100,Uncategorized,,,,,,,,,,,,
355,simple,,Intel Core i7-4765T,1,0,visible,2.00GHz,DDR3 1333/1600,,,taxable,,1,,,0,0,,,,,0,,,16000,Uncategorized,,,,,,,,,,,,
356,simple,,Intel Core i7-4770,1,0,visible,3.40GHz,DDR3 1333/1600,,,taxable,,1,,,0,0,,,,,0,,,16100,Uncategorized,,,,,,,,,,,,
357,simple,,Intel Core i7-4770K,1,0,visible,3.50GHz,DDR3 1333/1600,,,taxable,,1,,,0,0,,,,,0,,,17000,Uncategorized,,,,,,,,,,,,
358,simple,,Intel Core i7-4770S,1,0,visible,3.10GHz,DDR3 1333/1600,,,taxable,,1,,,0,0,,,,,0,,,17100,Uncategorized,,,,,,,,,,,,
359,simple,,Intel Core i7-4770T,1,0,visible,2.50GHz,DDR3 1333/1600,,,taxable,,1,,,0,0,,,,,0,,,18000,Uncategorized,,,,,,,,,,,,
360,simple,,Intel Core i7-4770TE,1,0,visible,2.30GHz,DDR3 1333/1600,,,taxable,,1,,,0,0,,,,,0,,,18100,Uncategorized,,,,,,,,,,,,
361,simple,,Intel Core i7-4771,1,0,visible,3.50GHz,DDR3 1333/1600,,,taxable,,1,,,0,0,,,,,0,,,19000,Uncategorized,,,,,,,,,,,,
362,simple,,Intel Core i7-4785T,1,0,visible,2.20GHz,DDR3 1333/1600,,,taxable,,1,,,0,0,,,,,0,,,19100,Uncategorized,,,,,,,,,,,,
363,simple,,Intel Core i7-4790,1,0,visible,3.60GHz,DDR3 1333/1600,,,taxable,,1,,,0,0,,,,,0,,,20000,Uncategorized,,,,,,,,,,,,
364,simple,,Intel Core i7-4790K,1,0,visible,4.00GHz,DDR3 1333/1600,,,taxable,,1,,,0,0,,,,,0,,,20100,Uncategorized,,,,,,,,,,,,
365,simple,,Intel Core i7-4790S,1,0,visible,3.20GHz,DDR3 1333/1600,,,taxable,,1,,,0,0,,,,,0,,,21000,Uncategorized,,,,,,,,,,,,
366,simple,,Intel Core i7-4790T,1,0,visible,2.70GHz,DDR3 1333/1600,,,taxable,,1,,,0,0,,,,,0,,,21100,Uncategorized,,,,,,,,,,,,
367,simple,,Intel Core i7-5775C,1,0,visible,3.30GHz,DDR3L 1333/1600,,,taxable,,1,,,0,0,,,,,0,,,22000,Uncategorized,,,,,,,,,,,,
368,simple,,Intel Pentium G3220,1,0,visible,3.00GHz,DDR3 1333,,,taxable,,1,,,0,0,,,,,0,,,22100,Uncategorized,,,,,,,,,,,,
369,simple,,Intel Pentium G3220T,1,0,visible,2.60GHz,DDR3 1333,,,taxable,,1,,,0,0,,,,,0,,,23000,Uncategorized,,,,,,,,,,,,
370,simple,,Intel Pentium G3240,1,0,visible,3.10GHz,DDR3 1333,,,taxable,,1,,,0,0,,,,,0,,,23100,Uncategorized,,,,,,,,,,,,
371,simple,,Intel Pentium G3240T,1,0,visible,2.70GHz,DDR3 1333,,,taxable,,1,,,0,0,,,,,0,,,24000,Uncategorized,,,,,,,,,,,,
372,simple,,Intel Pentium G3250,1,0,visible,3.20GHz,DDR3 1333,,,taxable,,1,,,0,0,,,,,0,,,24100,Uncategorized,,,,,,,,,,,,
373,simple,,Intel Pentium G3250T,1,0,visible,2.80GHz,DDR3 1333,,,taxable,,1,,,0,0,,,,,0,,,25000,Uncategorized,,,,,,,,,,,,
374,simple,,Intel Pentium G3258,1,0,visible,3.20GHz,DDR3 1333,,,taxable,,1,,,0,0,,,,,0,,,25100,Uncategorized,,,,,,,,,,,,
375,simple,,Intel Pentium G3260,1,0,visible,3.30GHz,DDR3 1333,,,taxable,,1,,,0,0,,,,,0,,,26000,Uncategorized,,,,,,,,,,,,
376,simple,,Intel Pentium G3260T,1,0,visible,2.90GHz,DDR3 1333,,,taxable,,1,,,0,0,,,,,0,,,26100,Uncategorized,,,,,,,,,,,,
377,simple,,Intel Pentium G3320TE,1,0,visible,2.30GHz,DDR3 1333,,,taxable,,1,,,0,0,,,,,0,,,27000,Uncategorized,,,,,,,,,,,,
378,simple,,Intel Pentium G3420,1,0,visible,3.20GHz,DDR3 1333/1600,,,taxable,,1,,,0,0,,,,,0,,,27100,Uncategorized,,,,,,,,,,,,
379,simple,,Intel Pentium G3420T,1,0,visible,2.70GHz,DDR3 1333/1600,,,taxable,,1,,,0,0,,,,,0,,,28000,Uncategorized,,,,,,,,,,,,
380,simple,,Intel Pentium G3430,1,0,visible,3.30GHz,DDR3 1333/1600,,,taxable,,1,,,0,0,,,,,0,,,28100,Uncategorized,,,,,,,,,,,,
381,simple,,Intel Pentium G3440,1,0,visible,3.30GHz,DDR3 1333/1600,,,taxable,,1,,,0,0,,,,,0,,,29000,Uncategorized,,,,,,,,,,,,
382,simple,,Intel Pentium G3440T,1,0,visible,2.80GHz,DDR3 1333/1600,,,taxable,,1,,,0,0,,,,,0,,,29100,Uncategorized,,,,,,,,,,,,
383,simple,,Intel Pentium G3450,1,0,visible,3.40GHz,DDR3 1333/1600,,,taxable,,1,,,0,0,,,,,0,,,30000,Uncategorized,,,,,,,,,,,,
384,simple,,Intel Pentium G3450T,1,0,visible,2.90GHz,DDR3 1333/1600,,,taxable,,1,,,0,0,,,,,0,,,30100,Uncategorized,,,,,,,,,,,,
385,simple,,Intel Pentium G3460,1,0,visible,3.50GHz,DDR3 1333/1600,,,taxable,,1,,,0,0,,,,,0,,,1000,Uncategorized,,,,,,,,,,,,
386,simple,,Intel Pentium G3460T,1,0,visible,3.00GHz,DDR3 1333/1600,,,taxable,,1,,,0,0,,,,,0,,,1100,Uncategorized,,,,,,,,,,,,
387,simple,,Intel Pentium G3470,1,0,visible,3.60GHz,DDR3 1333/1600,,,taxable,,1,,,0,0,,,,,0,,,2000,Uncategorized,,,,,,,,,,,,
388,simple,,Intel Xeon E3-1220 v3,1,0,visible,3.10GHz,DDR3 1333/1600,,,taxable,,1,,,0,0,,,,,0,,,2100,Uncategorized,,,,,,,,,,,,
389,simple,,Intel Xeon E3-1220L v3,1,0,visible,1.10GHz,DDR3 1333/1600,,,taxable,,1,,,0,0,,,,,0,,,3000,Uncategorized,,,,,,,,,,,,
390,simple,,Intel Xeon E3-1225 v3,1,0,visible,3.20GHz,DDR3 1333/1600,,,taxable,,1,,,0,0,,,,,0,,,3100,Uncategorized,,,,,,,,,,,,
391,simple,,Intel Xeon E3-1226 v3,1,0,visible,3.30GHz,DDR3 1333/1600,,,taxable,,1,,,0,0,,,,,0,,,4000,Uncategorized,,,,,,,,,,,,
392,simple,,Intel Xeon E3-1230 v3,1,0,visible,3.30GHz,DDR3 1333/1600,,,taxable,,1,,,0,0,,,,,0,,,4100,Uncategorized,,,,,,,,,,,,
393,simple,,Intel Xeon E3-1230L v3,1,0,visible,1.80GHz,DDR3 1333/1600,,,taxable,,1,,,0,0,,,,,0,,,5000,Uncategorized,,,,,,,,,,,,
394,simple,,Intel Xeon E3-1231 v3,1,0,visible,3.40GHz,DDR3 1333/1600,,,taxable,,1,,,0,0,,,,,0,,,5100,Uncategorized,,,,,,,,,,,,
395,simple,,Intel Xeon E3-1240 v3,1,0,visible,3.40GHz,DDR3 1333/1600,,,taxable,,1,,,0,0,,,,,0,,,6000,Uncategorized,,,,,,,,,,,,
396,simple,,Intel Xeon E3-1240L v3,1,0,visible,2.00GHz,DDR3 1333/1600,,,taxable,,1,,,0,0,,,,,0,,,6100,Uncategorized,,,,,,,,,,,,
397,simple,,Intel Xeon E3-1241 v3,1,0,visible,3.50GHz,DDR3 1333/1600,,,taxable,,1,,,0,0,,,,,0,,,7000,Uncategorized,,,,,,,,,,,,
398,simple,,Intel Xeon E3-1245 v3,1,0,visible,3.40GHz,DDR3 1333/1600,,,taxable,,1,,,0,0,,,,,0,,,7100,Uncategorized,,,,,,,,,,,,
399,simple,,Intel Xeon E3-1246 v3,1,0,visible,3.50GHz,DDR3 1333/1600,,,taxable,,1,,,0,0,,,,,0,,,8000,Uncategorized,,,,,,,,,,,,
400,simple,,Intel Xeon E3-1265L v3,1,0,visible,2.50GHz,DDR3 1333/1600,,,taxable,,1,,,0,0,,,,,0,,,8100,Uncategorized,,,,,,,,,,,,
401,simple,,Intel Xeon E3-1265L v4,1,0,visible,2.30GHz,DDR3 1333/1600/1866,,,taxable,,1,,,0,0,,,,,0,,,9000,Uncategorized,,,,,,,,,,,,
402,simple,,Intel Xeon E3-1268L v3,1,0,visible,2.30GHz,DDR3 1333/1600,,,taxable,,1,,,0,0,,,,,0,,,9100,Uncategorized,,,,,,,,,,,,
403,simple,,Intel Xeon E3-1270 v3,1,0,visible,3.50GHz,DDR3 1333/1600,,,taxable,,1,,,0,0,,,,,0,,,10000,Uncategorized,,,,,,,,,,,,
404,simple,,Intel Xeon E3-1271 v3,1,0,visible,3.60GHz,DDR3 1333/1600,,,taxable,,1,,,0,0,,,,,0,,,10100,Uncategorized,,,,,,,,,,,,
405,simple,,Intel Xeon E3-1275 v3,1,0,visible,3.50GHz,DDR3 1333/1600,,,taxable,,1,,,0,0,,,,,0,,,11000,Uncategorized,,,,,,,,,,,,
406,simple,,Intel Xeon E3-1275L v3,1,0,visible,2.70GHz,DDR3 1333/1600,,,taxable,,1,,,0,0,,,,,0,,,11100,Uncategorized,,,,,,,,,,,,
407,simple,,Intel Xeon E3-1276 v3,1,0,visible,3.60GHz,DDR3 1333/1600,,,taxable,,1,,,0,0,,,,,0,,,12000,Uncategorized,,,,,,,,,,,,
408,simple,,Intel Xeon E3-1280 v3,1,0,visible,3.60GHz,DDR3 1333/1600,,,taxable,,1,,,0,0,,,,,0,,,12100,Uncategorized,,,,,,,,,,,,
409,simple,,Intel Xeon E3-1281 v3,1,0,visible,3.70GHz,DDR3 1333/1600,,,taxable,,1,,,0,0,,,,,0,,,13000,Uncategorized,,,,,,,,,,,,
410,simple,,Intel Xeon E3-1285 v3,1,0,visible,3.60GHz,DDR3 1333/1600,,,taxable,,1,,,0,0,,,,,0,,,13100,Uncategorized,,,,,,,,,,,,
411,simple,,Intel Xeon E3-1285 v4,1,0,visible,3.50GHz,DDR3 1333/1600/1866,,,taxable,,1,,,0,0,,,,,0,,,14000,Uncategorized,,,,,,,,,,,,
412,simple,,Intel Xeon E3-1285L v3,1,0,visible,3.10GHz,DDR3 1333/1600,,,taxable,,1,,,0,0,,,,,0,,,14100,Uncategorized,,,,,,,,,,,,
413,simple,,Intel Xeon E3-1285L v4,1,0,visible,3.40GHz,DDR3 1333/1600/1866,,,taxable,,1,,,0,0,,,,,0,,,15000,Uncategorized,,,,,,,,,,,,
414,simple,,Intel Xeon E3-1286 v3,1,0,visible,3.70GHz,DDR3 1333/1600,,,taxable,,1,,,0,0,,,,,0,,,15100,Uncategorized,,,,,,,,,,,,
415,simple,,Intel Xeon E3-1286L v3,1,0,visible,3.20GHz,DDR3 1333/1600,,,taxable,,1,,,0,0,,,,,0,,,16000,Uncategorized,,,,,,,,,,,,
416,simple,,Intel Core i3-6098P,1,0,visible,3.60GHz,DDR3 1333/1600,,,taxable,,1,,,0,0,,,,,0,,,16100,Uncategorized,,,,,,,,,,,,
417,simple,,Intel Core i3-6100TE,1,0,visible,2.70GHz,DDR3 1333/1600,,,taxable,,1,,,0,0,,,,,0,,,17000,Uncategorized,,,,,,,,,,,,
418,simple,,Intel Core i3-7100,1,0,visible,3.90GHz,DDR3 1333/1600,,,taxable,,1,,,0,0,,,,,0,,,17100,Uncategorized,,,,,,,,,,,,
419,simple,,Intel Core i3-7100T,1,0,visible,3.40GHz,DDR3 1333/1600,,,taxable,,1,,,0,0,,,,,0,,,18000,Uncategorized,,,,,,,,,,,,
420,simple,,Intel Core i3-7101E,1,0,visible,3.90GHz,DDR3 1333/1600,,,taxable,,1,,,0,0,,,,,0,,,18100,Uncategorized,,,,,,,,,,,,
421,simple,,Intel Core i3-7101TE,1,0,visible,3.40GHz,DDR3 1333/1600,,,taxable,,1,,,0,0,,,,,0,,,19000,Uncategorized,,,,,,,,,,,,
422,simple,,Intel Core i3-7300,1,0,visible,4.00GHz,DDR3 1333/1600,,,taxable,,1,,,0,0,,,,,0,,,19100,Uncategorized,,,,,,,,,,,,
423,simple,,Intel Core i3-7300T,1,0,visible,3.50GHz,DDR3 1333/1600,,,taxable,,1,,,0,0,,,,,0,,,20000,Uncategorized,,,,,,,,,,,,
424,simple,,Intel Core i3-7320,1,0,visible,4.10GHz,DDR3 1333/1600,,,taxable,,1,,,0,0,,,,,0,,,20100,Uncategorized,,,,,,,,,,,,
425,simple,,Intel Core i3-7350K,1,0,visible,4.20GHz,DDR3 1333/1600,,,taxable,,1,,,0,0,,,,,0,,,21000,Uncategorized,,,,,,,,,,,,
426,simple,,Intel Core i3-8100,1,0,visible,3.60GHz,DDR3 1333/1600/1866/2133,,,taxable,,1,,,0,0,,,,,0,,,21100,Uncategorized,,,,,,,,,,,,
427,simple,,Intel Core i3-8350K,1,0,visible,4.00GHz,DDR3 1333/1600/1866/2133,,,taxable,,1,,,0,0,,,,,0,,,22000,Uncategorized,,,,,,,,,,,,
428,simple,,Intel Core i5-6400,1,0,visible,2.70GHz,DDR3 1333/1600,,,taxable,,1,,,0,0,,,,,0,,,22100,Uncategorized,,,,,,,,,,,,
429,simple,,Intel Core i5-6402P,1,0,visible,2.80GHz,DDR3 1333/1600,,,taxable,,1,,,0,0,,,,,0,,,23000,Uncategorized,,,,,,,,,,,,
430,simple,,Intel Core i5-6500,1,0,visible,3.20GHz,DDR3 1333/1600,,,taxable,,1,,,0,0,,,,,0,,,23100,Uncategorized,,,,,,,,,,,,
431,simple,,Intel Core i5-6500T,1,0,visible,2.50GHz,DDR3 1333/1600,,,taxable,,1,,,0,0,,,,,0,,,24000,Uncategorized,,,,,,,,,,,,
432,simple,,Intel Core i5-6500TE,1,0,visible,2.30GHz,DDR3 1333/1600,,,taxable,,1,,,0,0,,,,,0,,,24100,Uncategorized,,,,,,,,,,,,
433,simple,,Intel Core i5-6600T,1,0,visible,2.70GHz,DDR3 1333/1600,,,taxable,,1,,,0,0,,,,,0,,,25000,Uncategorized,,,,,,,,,,,,
434,simple,,Intel Core i5-7400,1,0,visible,3.00GHz,DDR3 1333/1600,,,taxable,,1,,,0,0,,,,,0,,,25100,Uncategorized,,,,,,,,,,,,
435,simple,,Intel Core i5-7400T,1,0,visible,2.40GHz,DDR3 1333/1600,,,taxable,,1,,,0,0,,,,,0,,,26000,Uncategorized,,,,,,,,,,,,
436,simple,,Intel Core i5-7500,1,0,visible,3.40GHz,DDR3 1333/1600,,,taxable,,1,,,0,0,,,,,0,,,26100,Uncategorized,,,,,,,,,,,,
437,simple,,Intel Core i5-7500T,1,0,visible,2.70GHz,DDR3 1333/1600,,,taxable,,1,,,0,0,,,,,0,,,27000,Uncategorized,,,,,,,,,,,,
438,simple,,Intel Core i5-7600,1,0,visible,3.50GHz,DDR3 1333/1600,,,taxable,,1,,,0,0,,,,,0,,,27100,Uncategorized,,,,,,,,,,,,
439,simple,,Intel Core i5-7600K,1,0,visible,3.80GHz,DDR3 1333/1600,,,taxable,,1,,,0,0,,,,,0,,,28000,Uncategorized,,,,,,,,,,,,
440,simple,,Intel Core i5-7600T,1,0,visible,2.80GHz,DDR3 1333/1600,,,taxable,,1,,,0,0,,,,,0,,,28100,Uncategorized,,,,,,,,,,,,
441,simple,,Intel Core i5-8400,1,0,visible,2.80GHz,DDR3 1333/1600/1866/2133,,,taxable,,1,,,0,0,,,,,0,,,29000,Uncategorized,,,,,,,,,,,,
442,simple,,Intel Core i5-8500,1,0,visible,3.00GHz,DDR3 1333/1600/1866/2133,,,taxable,,1,,,0,0,,,,,0,,,29100,Uncategorized,,,,,,,,,,,,
443,simple,,Intel Core i5-8500T,1,0,visible,2.10GHz,DDR3 1333/1600/1866/2133,,,taxable,,1,,,0,0,,,,,0,,,30000,Uncategorized,,,,,,,,,,,,
444,simple,,Intel Core i5-8600K,1,0,visible,3.60GHz,DDR3 1333/1600/1866/2133,,,taxable,,1,,,0,0,,,,,0,,,30100,Uncategorized,,,,,,,,,,,,
445,simple,,Intel Core i7-6700,1,0,visible,3.40GHz,DDR3 1333/1600,,,taxable,,1,,,0,0,,,,,0,,,1000,Uncategorized,,,,,,,,,,,,
446,simple,,Intel Core i7-6700T,1,0,visible,2.80GHz,DDR3 1333/1600,,,taxable,,1,,,0,0,,,,,0,,,1100,Uncategorized,,,,,,,,,,,,
447,simple,,Intel Core i7-6700TE,1,0,visible,2.40GHz,DDR3 1333/1600,,,taxable,,1,,,0,0,,,,,0,,,2000,Uncategorized,,,,,,,,,,,,
448,simple,,Intel Core i7-7700,1,0,visible,3.60GHz,DDR3 1333/1600,,,taxable,,1,,,0,0,,,,,0,,,2100,Uncategorized,,,,,,,,,,,,
449,simple,,Intel Core i7-7700K,1,0,visible,4.20GHz,DDR3 1333/1600,,,taxable,,1,,,0,0,,,,,0,,,3000,Uncategorized,,,,,,,,,,,,
450,simple,,Intel Core i7-7700T,1,0,visible,2.90GHz,DDR3 1333/1600,,,taxable,,1,,,0,0,,,,,0,,,3100,Uncategorized,,,,,,,,,,,,
451,simple,,Intel Core i7-8700,1,0,visible,3.20GHz,DDR3 1333/1600/1866/2133,,,taxable,,1,,,0,0,,,,,0,,,4000,Uncategorized,,,,,,,,,,,,
452,simple,,Intel Core i7-8700K,1,0,visible,3.70GHz,DDR3 1333/1600/1866/2133,,,taxable,,1,,,0,0,,,,,0,,,4100,Uncategorized,,,,,,,,,,,,
453,simple,,Intel Celeron G3900,1,0,visible,2.80GHz,DDR3 1333/1600,,,taxable,,1,,,0,0,,,,,0,,,5000,Uncategorized,,,,,,,,,,,,
454,simple,,Intel Celeron G3900TE,1,0,visible,2.30GHz,DDR3 1333/1600,,,taxable,,1,,,0,0,,,,,0,,,5100,Uncategorized,,,,,,,,,,,,
455,simple,,Intel Celeron G3920,1,0,visible,2.90GHz,DDR3 1333/1600,,,taxable,,1,,,0,0,,,,,0,,,6000,Uncategorized,,,,,,,,,,,,
456,simple,,Intel Celeron G3930,1,0,visible,2.90GHz,DDR3 1333/1600,,,taxable,,1,,,0,0,,,,,0,,,6100,Uncategorized,,,,,,,,,,,,
457,simple,,Intel Celeron G3930E,1,0,visible,2.90GHz,DDR3 1600,,,taxable,,1,,,0,0,,,,,0,,,7000,Uncategorized,,,,,,,,,,,,
458,simple,,Intel Celeron G3930T,1,0,visible,2.70GHz,DDR3 1333/1600,,,taxable,,1,,,0,0,,,,,0,,,7100,Uncategorized,,,,,,,,,,,,
459,simple,,Intel Celeron G3930TE,1,0,visible,2.70GHz,DDR3 1600,,,taxable,,1,,,0,0,,,,,0,,,8000,Uncategorized,,,,,,,,,,,,
460,simple,,Intel Celeron G3950,1,0,visible,3.00GHz,DDR3 1333/1600,,,taxable,,1,,,0,0,,,,,0,,,8100,Uncategorized,,,,,,,,,,,,
461,simple,,Intel Celeron G4900,1,0,visible,3.10GHz,DDR3 1333/1600/1866/2133,,,taxable,,1,,,0,0,,,,,0,,,9000,Uncategorized,,,,,,,,,,,,
462,simple,,Intel Celeron G4900T,1,0,visible,2.90GHz,DDR3 1333/1600/1866/2133,,,taxable,,1,,,0,0,,,,,0,,,9100,Uncategorized,,,,,,,,,,,,
463,simple,,Intel Celeron G4920,1,0,visible,3.20GHz,DDR3 1333/1600/1866/2133,,,taxable,,1,,,0,0,,,,,0,,,10000,Uncategorized,,,,,,,,,,,,
464,simple,,Intel Celeron G4930,1,0,visible,3.20GHz,DDR3 1333/1600/1866/2133,,,taxable,,1,,,0,0,,,,,0,,,10100,Uncategorized,,,,,,,,,,,,
465,simple,,Intel Celeron G4930T,1,0,visible,3.00GHz,DDR3 1333/1600/1866/2133,,,taxable,,1,,,0,0,,,,,0,,,11000,Uncategorized,,,,,,,,,,,,
466,simple,,Intel Core i5-750,1,0,visible,2.66GHz,DDR3 1066/1333,,,taxable,,1,,,0,0,,,,,0,,,11100,Uncategorized,,,,,,,,,,,,
467,simple,,Intel Core i5-750S,1,0,visible,2.40GHz,DDR3 1066/1333,,,taxable,,1,,,0,0,,,,,0,,,12000,Uncategorized,,,,,,,,,,,,
468,simple,,Intel Core i5-760,1,0,visible,2.80GHz,DDR3 1066/1333,,,taxable,,1,,,0,0,,,,,0,,,12100,Uncategorized,,,,,,,,,,,,
469,simple,,Intel Core i7-860,1,0,visible,2.80GHz,DDR3 1066/1333,,,taxable,,1,,,0,0,,,,,0,,,13000,Uncategorized,,,,,,,,,,,,
470,simple,,Intel Core i7-860S,1,0,visible,2.53GHz,DDR3 1066/1333,,,taxable,,1,,,0,0,,,,,0,,,13100,Uncategorized,,,,,,,,,,,,
471,simple,,Intel Core i7-870,1,0,visible,2.93GHz,DDR3 1066/1333,,,taxable,,1,,,0,0,,,,,0,,,14000,Uncategorized,,,,,,,,,,,,
472,simple,,Intel Core i7-870S,1,0,visible,2.66GHz,DDR3 1066/1333,,,taxable,,1,,,0,0,,,,,0,,,14100,Uncategorized,,,,,,,,,,,,
473,simple,,Intel Core i7-875K,1,0,visible,2.93GHz,DDR3 1066/1333,,,taxable,,1,,,0,0,,,,,0,,,15000,Uncategorized,,,,,,,,,,,,
474,simple,,Intel Core i7-880,1,0,visible,3.06GHz,DDR3 1066/1333,,,taxable,,1,,,0,0,,,,,0,,,15100,Uncategorized,,,,,,,,,,,,
475,simple,,Intel Xeon L3426,1,0,visible,1.86GHz,DDR3 800/1066/1333,,,taxable,,1,,,0,0,,,,,0,,,16000,Uncategorized,,,,,,,,,,,,
476,simple,,Intel Xeon X3430,1,0,visible,2.40GHz,DDR3 800/1066/1333,,,taxable,,1,,,0,0,,,,,0,,,16100,Uncategorized,,,,,,,,,,,,
477,simple,,Intel Xeon X3440,1,0,visible,2.53GHz,DDR3 800/1066/1333,,,taxable,,1,,,0,0,,,,,0,,,17000,Uncategorized,,,,,,,,,,,,
478,simple,,Intel Xeon X3450,1,0,visible,2.66GHz,DDR3 800/1066/1333,,,taxable,,1,,,0,0,,,,,0,,,17100,Uncategorized,,,,,,,,,,,,
479,simple,,Intel Xeon X3460,1,0,visible,2.80GHz,DDR3 800/1066/1333,,,taxable,,1,,,0,0,,,,,0,,,18000,Uncategorized,,,,,,,,,,,,
480,simple,,Intel Xeon X3470,1,0,visible,2.93GHz,DDR3 800/1066/1333,,,taxable,,1,,,0,0,,,,,0,,,18100,Uncategorized,,,,,,,,,,,,
481,simple,,Intel Xeon X3480,1,0,visible,3.06GHz,DDR3 800/1066/1333,,,taxable,,1,,,0,0,,,,,0,,,19000,Uncategorized,,,,,,,,,,,,
482,simple,,Intel Celeron G1610,1,0,visible,2.60GHz,DDR3 1333,,,taxable,,1,,,0,0,,,,,0,,,19100,Uncategorized,,,,,,,,,,,,
483,simple,,Intel Celeron G1610T,1,0,visible,2.30GHz,DDR3 1333,,,taxable,,1,,,0,0,,,,,0,,,20000,Uncategorized,,,,,,,,,,,,
484,simple,,Intel Celeron G1620,1,0,visible,2.70GHz,DDR3 1333,,,taxable,,1,,,0,0,,,,,0,,,20100,Uncategorized,,,,,,,,,,,,
485,simple,,Intel Celeron G1620T,1,0,visible,2.40GHz,DDR3 1333,,,taxable,,1,,,0,0,,,,,0,,,21000,Uncategorized,,,,,,,,,,,,
486,simple,,Intel Celeron G1630,1,0,visible,2.80GHz,DDR3 1333,,,taxable,,1,,,0,0,,,,,0,,,21100,Uncategorized,,,,,,,,,,,,
487,simple,,Intel Celeron G465,1,0,visible,1.90GHz,DDR3 1066,,,taxable,,1,,,0,0,,,,,0,,,22000,Uncategorized,,,,,,,,,,,,
488,simple,,Intel Celeron G470,1,0,visible,2.00GHz,DDR3 1066/1333,,,taxable,,1,,,0,0,,,,,0,,,22100,Uncategorized,,,,,,,,,,,,
489,simple,,Intel Celeron G540T,1,0,visible,2.10GHz,DDR3 1066,,,taxable,,1,,,0,0,,,,,0,,,23000,Uncategorized,,,,,,,,,,,,
490,simple,,Intel Celeron G550,1,0,visible,2.60GHz,DDR3 1066,,,taxable,,1,,,0,0,,,,,0,,,23100,Uncategorized,,,,,,,,,,,,
491,simple,,Intel Celeron G550T,1,0,visible,2.20GHz,DDR3 1066,,,taxable,,1,,,0,0,,,,,0,,,24000,Uncategorized,,,,,,,,,,,,
492,simple,,Intel Celeron G555,1,0,visible,2.70GHz,DDR3 1066,,,taxable,,1,,,0,0,,,,,0,,,24100,Uncategorized,,,,,,,,,,,,
493,simple,,Intel Core i3-2100T,1,0,visible,2.50GHz,DDR3 1066/1333,,,taxable,,1,,,0,0,,,,,0,,,25000,Uncategorized,,,,,,,,,,,,
494,simple,,Intel Core i3-3210,1,0,visible,3.20GHz,DDR3 1333/1600,,,taxable,,1,,,0,0,,,,,0,,,25100,Uncategorized,,,,,,,,,,,,
495,simple,,Intel Core i3-3220,1,0,visible,3.30GHz,DDR3 1333/1600,,,taxable,,1,,,0,0,,,,,0,,,26000,Uncategorized,,,,,,,,,,,,
496,simple,,Intel Core i3-3220T,1,0,visible,2.80GHz,DDR3 1333/1600,,,taxable,,1,,,0,0,,,,,0,,,26100,Uncategorized,,,,,,,,,,,,
497,simple,,Intel Core i3-3225,1,0,visible,3.30GHz,DDR3 1333/1600,,,taxable,,1,,,0,0,,,,,0,,,27000,Uncategorized,,,,,,,,,,,,
498,simple,,Intel Core i3-3240,1,0,visible,3.40GHz,DDR3 1333/1600,,,taxable,,1,,,0,0,,,,,0,,,27100,Uncategorized,,,,,,,,,,,,
499,simple,,Intel Core i3-3240T,1,0,visible,2.90GHz,DDR3 1333/1600,,,taxable,,1,,,0,0,,,,,0,,,28000,Uncategorized,,,,,,,,,,,,
500,simple,,Intel Core i3-3245,1,0,visible,3.40GHz,DDR3 1333/1600,,,taxable,,1,,,0,0,,,,,0,,,28100,Uncategorized,,,,,,,,,,,,
501,simple,,Intel Core i3-3250,1,0,visible,3.50GHz,DDR3 1333/1600,,,taxable,,1,,,0,0,,,,,0,,,29000,Uncategorized,,,,,,,,,,,,
502,simple,,Intel Core i3-3250T,1,0,visible,3.00GHz,DDR3 1333/1600,,,taxable,,1,,,0,0,,,,,0,,,29100,Uncategorized,,,,,,,,,,,,
503,simple,,Intel Core i5-3330,1,0,visible,3.00GHz,DDR3 1333/1600,,,taxable,,1,,,0,0,,,,,0,,,30000,Uncategorized,,,,,,,,,,,,
504,simple,,Intel Core i5-3330S,1,0,visible,2.70GHz,DDR3 1333/1600,,,taxable,,1,,,0,0,,,,,0,,,30100,Uncategorized,,,,,,,,,,,,
505,simple,,Intel Core i5-3340,1,0,visible,3.10GHz,DDR3 1333/1600,,,taxable,,1,,,0,0,,,,,0,,,1000,Uncategorized,,,,,,,,,,,,
506,simple,,Intel Core i5-3340S,1,0,visible,2.80GHz,DDR3 1333/1600,,,taxable,,1,,,0,0,,,,,0,,,1100,Uncategorized,,,,,,,,,,,,
507,simple,,Intel Core i5-3350P,1,0,visible,3.10GHz,DDR3 1333/1600,,,taxable,,1,,,0,0,,,,,0,,,2000,Uncategorized,,,,,,,,,,,,
508,simple,,Intel Pentium G2010,1,0,visible,2.80GHz,DDR3 1333,,,taxable,,1,,,0,0,,,,,0,,,2100,Uncategorized,,,,,,,,,,,,
509,simple,,Intel Pentium G2020,1,0,visible,2.90GHz,DDR3 1333,,,taxable,,1,,,0,0,,,,,0,,,3000,Uncategorized,,,,,,,,,,,,
510,simple,,Intel Pentium G2020T,1,0,visible,2.50GHz,DDR3 1333,,,taxable,,1,,,0,0,,,,,0,,,3100,Uncategorized,,,,,,,,,,,,
511,simple,,Intel Pentium G2030,1,0,visible,3.00GHz,DDR3 1333/1600,,,taxable,,1,,,0,0,,,,,0,,,4000,Uncategorized,,,,,,,,,,,,
512,simple,,Intel Pentium G2030T,1,0,visible,2.60GHz,DDR3 1333/1600,,,taxable,,1,,,0,0,,,,,0,,,4100,Uncategorized,,,,,,,,,,,,
513,simple,,Intel Pentium G2100T,1,0,visible,2.60GHz,DDR3 1333/1600,,,taxable,,1,,,0,0,,,,,0,,,5000,Uncategorized,,,,,,,,,,,,
514,simple,,Intel Pentium G2120,1,0,visible,3.10GHz,DDR3 1333/1600,,,taxable,,1,,,0,0,,,,,0,,,5100,Uncategorized,,,,,,,,,,,,
515,simple,,Intel Pentium G2120T,1,0,visible,2.70GHz,DDR3 1333/1600,,,taxable,,1,,,0,0,,,,,0,,,6000,Uncategorized,,,,,,,,,,,,
516,simple,,Intel Pentium G2130,1,0,visible,3.20GHz,DDR3 1333/1600,,,taxable,,1,,,0,0,,,,,0,,,6100,Uncategorized,,,,,,,,,,,,
517,simple,,Intel Pentium G2140,1,0,visible,3.30GHz,DDR3 1333/1600,,,taxable,,1,,,0,0,,,,,0,,,7000,Uncategorized,,,,,,,,,,,,
518,simple,,Intel Pentium G640,1,0,visible,2.80GHz,DDR3 1066,,,taxable,,1,,,0,0,,,,,0,,,7100,Uncategorized,,,,,,,,,,,,
519,simple,,Intel Pentium G640T,1,0,visible,2.40GHz,DDR3 1066,,,taxable,,1,,,0,0,,,,,0,,,8000,Uncategorized,,,,,,,,,,,,
520,simple,,Intel Pentium G645,1,0,visible,2.90GHz,DDR3 1066,,,taxable,,1,,,0,0,,,,,0,,,8100,Uncategorized,,,,,,,,,,,,
521,simple,,Intel Pentium G645T,1,0,visible,2.50GHz,DDR3 1066,,,taxable,,1,,,0,0,,,,,0,,,9000,Uncategorized,,,,,,,,,,,,
522,simple,,Intel Core i7-5820K,1,0,visible,3.30GHz,DDR4 1600/1866/2133,,,taxable,,1,,,0,0,,,,,0,,,9100,Uncategorized,,,,,,,,,,,,
523,simple,,Intel Core i7-5930K,1,0,visible,3.50GHz,DDR4 1600/1866/2133,,,taxable,,1,,,0,0,,,,,0,,,10000,Uncategorized,,,,,,,,,,,,
,,,,,,,,,,,,,,,,,,,,,,,,,,,,,,,,,,,,,,
